"meso","date","block","treatment_n","pesticides.P1","pesticides.P2","nutrients.P1","nutrients.P2","alona","calanoida","chydorus","cyclopoida","daphnia","ephippia","lepadella","nauplius","ostracoda","scapholeberis","vorticella","keratella_quadrata","pleuroxus","simocephalus","lecane","keratella_cochlearis","testudinella","P1","P2","day","timepoint","av_vol_mL","total.abundance","richness","hill.shannon","hill.simpson","cladocerans","copepods","rotifers","treatment"
"1",2022-06-01,"1","6","no","yes","no","no",12.5,0,3.125,0,0,0,168.75,21.875,0,37.5,3.125,0,0,0,0,0,0,"C","I",23,"4",30388.537994375,246.875,6,2.78078098200048,1.99584266069715,53.125,21.875,168.75,"C_I"
"1",2022-05-18,"1","6","no","yes","no","no",6.25,0,0,3.125,3.125,0,0,21.875,3.125,3.125,0,0,0,0,0,0,0,"C","I",9,"2",31420.938495,40.625,6,4.09805945133898,2.96491228070175,12.5,25,0,"C_I"
"1",2022-05-27,"1","6","no","yes","no","no",12.5,0,0,6.25,0,3.125,159.375,96.875,0,109.375,0,0,0,0,0,0,0,"C","I",18,"3",28681.123006875,387.5,5,3.48476602288537,3.14728520907011,121.875,103.125,159.375,"C_I"
"1",2022-05-13,"1","6","no","yes","no","no",0,3.125,0,0,168.75,0,0,65.625,0,0,0,0,0,0,0,0,0,"C","I",4,"1",26846.747724,237.5,3,1.92553833076185,1.72007147111376,168.75,68.75,0,"C_I"
"2",2022-05-27,"1","9","no","yes","yes","no",3.125,0,0,0,0,0,3.125,15.625,0,43.75,0,9.375,0,0,0,0,0,"N","I",18,"3",28681.123006875,75,5,3.20905859079074,2.48275862068965,46.875,15.625,12.5,"N_I"
"2",2022-06-01,"1","9","no","yes","yes","no",0,0,0,3.125,0,3.125,28.125,12.5,0,12.5,0,3.125,0,0,0,0,0,"N","I",23,"4",30388.537994375,62.5,5,3.74321737013329,3.13913043478261,12.5,15.625,31.25,"N_I"
"2",2022-05-13,"1","9","no","yes","yes","no",0,0,0,0,3.125,0,0,25,0,43.75,0,0,0,0,0,0,0,"N","I",4,"1",26846.747724,71.875,3,2.23854808429877,2.02681992337165,46.875,25,0,"N_I"
"2",2022-05-18,"1","9","no","yes","yes","no",0,0,0,0,3.125,0,0,6.25,0,12.5,0,6.25,0,0,0,0,0,"N","I",9,"2",31420.938495,28.125,4,3.57165236692845,3.24,15.625,6.25,6.25,"N_I"
"3",2022-06-01,"1","8","yes","no","no","yes",12.5,0,6.25,0,0,0,9.375,206.25,0,9.375,0,12.5,0,0,0,0,0,"I","N",23,"4",30388.537994375,256.25,6,2.23003568874682,1.52471655328798,28.125,206.25,21.875,"I_N"
"3",2022-05-13,"1","8","yes","no","no","yes",3.125,0,0,0,0,0,0,9.375,0,25,0,0,0,0,0,0,0,"I","N",4,"1",26846.747724,37.5,3,2.27950705695478,1.94594594594595,28.125,9.375,0,"I_N"
"3",2022-05-27,"1","8","yes","no","no","yes",3.125,0,0,0,0,0,12.5,365.625,0,37.5,0,0,0,0,0,0,0,"I","N",18,"3",28681.123006875,418.75,4,1.60948038541625,1.29646209386282,40.625,365.625,12.5,"I_N"
"3",2022-05-18,"1","8","yes","no","no","yes",0,0,0,0,0,0,0,21.875,0,12.5,0,0,0,0,0,0,0,"I","N",9,"2",31420.938495,34.375,2,1.92607022425223,1.86153846153846,12.5,21.875,0,"I_N"
"4",2022-06-01,"1","10","yes","yes","yes","yes",15.625,0,3.125,0,0,0,25,15.625,0,50,0,0,3.125,0,0,0,0,"NI","NI",23,"4",30388.537994375,112.5,6,4.22953931002204,3.48387096774194,71.875,15.625,25,"NI_NI"
"4",2022-05-13,"1","10","yes","yes","yes","yes",6.25,0,0,3.125,0,0,3.125,9.375,0,0,0,0,0,0,0,0,0,"NI","NI",4,"1",26846.747724,21.875,4,3.58598882705695,3.26666666666667,6.25,12.5,3.125,"NI_NI"
"4",2022-05-18,"1","10","yes","yes","yes","yes",3.125,0,0,0,0,0,3.125,6.25,0,9.375,0,3.125,0,0,0,0,0,"NI","NI",9,"2",31420.938495,25,5,4.45565973351251,4,12.5,6.25,6.25,"NI_NI"
"4",2022-05-27,"1","10","yes","yes","yes","yes",3.125,0,0,0,0,3.125,53.125,12.5,0,21.875,0,0,0,0,0,0,0,"NI","NI",18,"3",28681.123006875,93.75,4,2.84490923349024,2.36901408450704,25,12.5,53.125,"NI_NI"
"5",2022-06-01,"1","12","yes","yes","no","yes",31.25,0,6.25,0,0,0,0,0,0,28.125,0,0,0,0,0,0,0,"I","NI",23,"4",30388.537994375,65.625,3,2.56093301896246,2.38378378378378,65.625,0,0,"I_NI"
"5",2022-05-27,"1","12","yes","yes","no","yes",31.25,0,9.375,0,0,0,0,0,0,28.125,0,0,0,0,0,0,0,"I","NI",18,"3",28681.123006875,68.75,3,2.70671980899485,2.54736842105263,68.75,0,0,"I_NI"
"5",2022-05-13,"1","12","yes","yes","no","yes",0,0,0,0,0,0,28.125,0,0,87.5,0,0,0,0,0,0,0,"I","NI",4,"1",26846.747724,115.625,2,1.741574523035,1.58265895953757,87.5,0,28.125,"I_NI"
"5",2022-05-18,"1","12","yes","yes","no","yes",0,0,0,0,0,0,25,15.625,0,15.625,0,0,0,0,0,0,0,"I","NI",9,"2",31420.938495,56.25,3,2.92134271231815,2.8421052631579,15.625,15.625,25,"I_NI"
"6",2022-05-13,"1","15","yes","yes","yes","no",0,0,0,0,0,3.125,6.25,12.5,0,53.125,0,3.125,0,0,0,0,0,"NI","I",4,"1",26846.747724,78.125,4,2.41665185949652,1.85806451612903,53.125,12.5,9.375,"NI_I"
"6",2022-06-01,"1","15","yes","yes","yes","no",0,0,0,0,0,0,184.375,25,0,34.375,0,0,0,0,0,0,0,"NI","I",23,"4",30388.537994375,243.75,3,2.05644118703545,1.65957446808511,34.375,25,184.375,"NI_I"
"6",2022-05-18,"1","15","yes","yes","yes","no",0,0,0,0,0,0,6.25,21.875,0,21.875,0,0,0,0,0,0,0,"NI","I",9,"2",31420.938495,50,3,2.67319381847704,2.50980392156863,21.875,21.875,6.25,"NI_I"
"6",2022-05-27,"1","15","yes","yes","yes","no",0,0,0,0,0,0,87.5,56.25,0,31.25,0,0,0,3.125,0,0,0,"NI","I",18,"3",28681.123006875,178.125,4,2.97269100143142,2.68734491315137,34.375,56.25,87.5,"NI_I"
"7",2022-06-01,"1","1","no","no","no","no",6.25,0,6.25,0,0,6.25,9.375,87.5,0,25,0,0,0,0,0,0,0,"C","C",23,"4",30388.537994375,140.625,5,2.89618254559834,2.13757225433526,37.5,87.5,9.375,"C_C"
"7",2022-05-27,"1","1","no","no","no","no",6.25,0,3.125,3.125,0,0,3.125,190.625,0,21.875,0,0,0,0,0,0,0,"C","C",18,"3",28681.123006875,228.125,6,1.91508346519389,1.41090812814403,31.25,193.75,3.125,"C_C"
"7",2022-05-18,"1","1","no","no","no","no",0,0,0,0,0,0,6.25,68.75,0,3.125,0,0,0,0,0,0,0,"C","C",9,"2",31420.938495,78.125,3,1.5578500403998,1.27811860940695,3.125,68.75,6.25,"C_C"
"7",2022-05-13,"1","1","no","no","no","no",0,0,0,0,0,0,0,87.5,0,53.125,0,0,0,0,0,0,0,"C","C",4,"1",26846.747724,140.625,2,1.9405389688049,1.88723205964585,53.125,87.5,0,"C_C"
"8",2022-05-13,"1","11","no","yes","yes","yes",3.125,0,0,0,6.25,0,15.625,68.75,0,3.125,0,0,0,0,0,0,0,"N","NI",4,"1",26846.747724,96.875,5,2.54985945014268,1.86601941747573,12.5,68.75,15.625,"N_NI"
"8",2022-05-27,"1","11","no","yes","yes","yes",6.25,0,6.25,0,12.5,0,34.375,21.875,0,37.5,0,0,0,0,0,0,0,"N","NI",18,"3",28681.123006875,118.75,6,4.86178425702827,4.27218934911243,62.5,21.875,34.375,"N_NI"
"8",2022-06-01,"1","11","no","yes","yes","yes",0,3.125,0,3.125,0,0,315.625,56.25,0,100,0,0,0,0,0,0,0,"N","NI",23,"4",30388.537994375,478.125,5,2.50666093735767,2.02657778547312,100,62.5,315.625,"N_NI"
"8",2022-05-18,"1","11","no","yes","yes","yes",0,0,0,3.125,0,0,21.875,56.25,0,6.25,0,0,0,0,0,0,0,"N","NI",9,"2",31420.938495,87.5,4,2.55517401747747,2.07407407407407,6.25,59.375,21.875,"N_NI"
"9",2022-06-01,"1","3","no","no","yes","yes",6.25,0,3.125,0,0,0,3.125,75,0,28.125,0,0,0,0,0,0,0,"N","N",23,"4",30388.537994375,115.625,5,2.65793669377215,2.06485671191554,37.5,75,3.125,"N_N"
"9",2022-05-13,"1","3","no","no","yes","yes",3.125,0,0,0,0,0,0,75,0,28.125,0,0,0,0,0,0,0,"N","N",4,"1",26846.747724,106.25,3,2.01659438101026,1.75683890577508,31.25,75,0,"N_N"
"9",2022-05-27,"1","3","no","no","yes","yes",9.375,0,0,0,6.25,3.125,0,146.875,0,25,0,0,0,0,0,0,0,"N","N",18,"3",28681.123006875,190.625,4,2.06081433898351,1.5748031496063,40.625,146.875,0,"N_N"
"9",2022-05-18,"1","3","no","no","yes","yes",0,0,0,0,0,0,0,100,0,37.5,0,0,0,0,0,0,0,"N","N",9,"2",31420.938495,137.5,2,1.79670174162689,1.65753424657534,37.5,100,0,"N_N"
"10",2022-05-18,"1","14","yes","no","yes","yes",3.125,0,0,0,0,0,0,25,0,15.625,0,0,0,0,0,0,0,"NI","N",9,"2",31420.938495,43.75,3,2.40128921403548,2.17777777777778,18.75,25,0,"NI_N"
"10",2022-06-01,"1","14","yes","no","yes","yes",0,0,6.25,3.125,0,0,206.25,231.25,0,71.875,0,0,0,0,0,0,0,"NI","N",23,"4",30388.537994375,518.75,5,2.95871398336256,2.65830600038588,78.125,234.375,206.25,"NI_N"
"10",2022-05-27,"1","14","yes","no","yes","yes",0,0,0,9.375,3.125,0,121.875,303.125,0,103.125,0,0,0,0,0,0,0,"NI","N",18,"3",28681.123006875,540.625,5,2.93402636792792,2.48807049630061,106.25,312.5,121.875,"NI_N"
"10",2022-05-13,"1","14","yes","no","yes","yes",0,0,0,0,0,0,3.125,3.125,0,12.5,0,0,0,0,0,0,0,"NI","N",4,"1",26846.747724,18.75,3,2.3811015779523,2,12.5,3.125,3.125,"NI_N"
"11",2022-06-01,"1","4","yes","no","no","no",6.25,0,15.625,0,0,0,56.25,234.375,0,40.625,0,0,0,0,0,0,0,"I","C",23,"4",30388.537994375,353.125,5,2.78102714031488,2.07727346673174,62.5,234.375,56.25,"I_C"
"11",2022-05-27,"1","4","yes","no","no","no",18.75,0,3.125,0,0,3.125,43.75,334.375,0,40.625,0,0,0,0,0,0,0,"I","C",18,"3",28681.123006875,443.75,5,2.28861913887584,1.67757995105898,62.5,334.375,43.75,"I_C"
"11",2022-05-13,"1","4","yes","no","no","no",0,0,0,3.125,6.25,0,21.875,15.625,0,3.125,0,0,0,3.125,0,0,0,"I","C",4,"1",26846.747724,53.125,6,4.37998546040185,3.5679012345679,12.5,18.75,21.875,"I_C"
"11",2022-05-18,"1","4","yes","no","no","no",0,0,0,0,0,0,25,37.5,0,0,0,0,0,0,0,0,0,"I","C",9,"2",31420.938495,62.5,2,1.96013170420779,1.92307692307692,0,37.5,25,"I_C"
"12",2022-06-01,"1","2","yes","yes","no","no",12.5,0,0,3.125,0,0,9.375,34.375,0,28.125,0,0,0,0,0,0,0,"I","I",23,"4",30388.537994375,87.5,5,3.92816720222176,3.43859649122807,40.625,37.5,9.375,"I_I"
"12",2022-05-13,"1","2","yes","yes","no","no",3.125,0,0,0,3.125,0,0,0,0,0,0,0,0,18.75,0,0,0,"I","I",4,"1",26846.747724,25,3,2.08677944009772,1.68421052631579,25,0,0,"I_I"
"12",2022-05-27,"1","2","yes","yes","no","no",3.125,0,0,0,0,0,6.25,15.625,0,50,0,0,0,3.125,0,0,0,"I","I",18,"3",28681.123006875,78.125,5,2.90687809497152,2.17770034843206,56.25,15.625,6.25,"I_I"
"12",2022-05-18,"1","2","yes","yes","no","no",0,0,3.125,0,0,0,0,50,0,6.25,0,0,0,0,0,0,0,"I","I",9,"2",31420.938495,59.375,3,1.71029276332728,1.38314176245211,9.375,50,0,"I_I"
"13",2022-06-01,"1","16","yes","no","yes","no",12.5,0,0,0,0,0,3.125,134.375,0,40.625,0,0,0,0,0,0,0,"NI","C",23,"4",30388.537994375,190.625,4,2.27505215596831,1.82850122850123,53.125,134.375,3.125,"NI_C"
"13",2022-05-13,"1","16","yes","no","yes","no",3.125,0,0,0,15.625,0,0,6.25,0,56.25,0,0,0,0,0,0,0,"NI","C",4,"1",26846.747724,81.25,4,2.44548540202712,1.90960451977401,75,6.25,0,"NI_C"
"13",2022-05-27,"1","16","yes","no","yes","no",12.5,0,6.25,0,3.125,0,0,493.75,3.125,18.75,0,0,0,12.5,0,0,0,"NI","C",18,"3",28681.123006875,550,7,1.63833683355383,1.23715951753335,53.125,493.75,0,"NI_C"
"13",2022-05-18,"1","16","yes","no","yes","no",0,0,0,0,0,0,3.125,12.5,0,25,0,0,0,0,0,0,0,"NI","C",9,"2",31420.938495,40.625,3,2.36018714118578,2.08641975308642,25,12.5,3.125,"NI_C"
"14",2022-06-01,"1","5","no","no","yes","no",18.75,0,6.25,0,6.25,0,21.875,56.25,0,34.375,0,3.125,0,0,0,0,0,"N","C",23,"4",30388.537994375,146.875,7,4.97509406414237,4.09833024118738,65.625,56.25,25,"N_C"
"14",2022-05-27,"1","5","no","no","yes","no",3.125,0,0,3.125,0,3.125,9.375,65.625,0,46.875,0,0,0,0,0,0,0,"N","C",18,"3",28681.123006875,131.25,5,2.95366327123917,2.48301329394387,50,68.75,9.375,"N_C"
"14",2022-05-13,"1","5","no","no","yes","no",0,0,0,0,3.125,0,0,0,0,3.125,0,0,0,0,0,0,0,"N","C",4,"1",26846.747724,6.25,2,2,2,6.25,0,0,"N_C"
"14",2022-05-18,"1","5","no","no","yes","no",0,0,0,0,0,0,0,12.5,0,12.5,0,0,0,0,0,0,0,"N","C",9,"2",31420.938495,25,2,2,2,12.5,12.5,0,"N_C"
"15",2022-06-01,"1","13","no","yes","no","yes",12.5,0,0,3.125,0,0,3.125,25,0,15.625,0,0,0,0,0,0,0,"C","NI",23,"4",30388.537994375,59.375,5,3.87093820787481,3.37383177570094,28.125,28.125,3.125,"C_NI"
"15",2022-05-13,"1","13","no","yes","no","yes",6.25,0,0,3.125,0,0,0,9.375,0,21.875,0,0,0,0,0,0,0,"C","NI",4,"1",26846.747724,40.625,4,3.1803385212362,2.68253968253968,28.125,12.5,0,"C_NI"
"15",2022-05-18,"1","13","no","yes","no","yes",6.25,0,0,0,0,0,12.5,65.625,6.25,53.125,0,0,0,0,0,0,0,"C","NI",9,"2",31420.938495,143.75,5,3.35641221177269,2.80636604774536,59.375,65.625,12.5,"C_NI"
"15",2022-05-27,"1","13","no","yes","no","yes",6.25,0,0,0,6.25,0,0,25,0,34.375,0,0,0,0,0,0,0,"C","NI",18,"3",28681.123006875,71.875,4,3.14194924942441,2.74093264248705,46.875,25,0,"C_NI"
"16",2022-05-27,"1","7","no","no","no","yes",3.125,0,0,0,6.25,0,12.5,15.625,0,43.75,0,0,0,0,0,0,0,"C","N",18,"3",28681.123006875,81.25,5,3.52881919009432,2.79338842975207,53.125,15.625,12.5,"C_N"
"16",2022-06-01,"1","7","no","no","no","yes",0,0,0,0,3.125,0,6.25,9.375,0,62.5,0,0,0,0,0,0,0,"C","N",23,"4",30388.537994375,81.25,4,2.16756653650762,1.63285024154589,65.625,9.375,6.25,"C_N"
"16",2022-05-18,"1","7","no","no","no","yes",0,0,0,0,0,0,6.25,15.625,0,28.125,0,0,0,0,0,0,0,"C","N",9,"2",31420.938495,50,3,2.57811149515043,2.32727272727273,28.125,15.625,6.25,"C_N"
"16",2022-05-13,"1","7","no","no","no","yes",0,0,0,0,0,0,0,21.875,0,78.125,0,0,0,0,0,0,0,"C","N",4,"1",26846.747724,100,2,1.69100211307349,1.51928783382789,78.125,21.875,0,"C_N"
"17",2022-06-01,"2","1","no","no","no","no",6.25,0,6.25,0,0,0,3.125,75,0,46.875,0,0,0,0,0,0,0,"C","C",23,"4",30388.537994375,137.5,5,2.89936983241095,2.39012345679012,59.375,75,3.125,"C_C"
"17",2022-05-27,"2","1","no","no","no","no",6.25,0,0,0,3.125,3.125,0,50,0,62.5,0,0,0,0,0,0,0,"C","C",18,"3",28681.123006875,125,4,2.59677523181779,2.30105900151286,71.875,50,0,"C_C"
"17",2022-05-13,"2","1","no","no","no","no",0,0,0,0,0,6.25,0,37.5,0,40.625,0,0,0,0,0,0,0,"C","C",4,"1",26846.747724,84.375,2,1.99840021323086,1.99680511182109,40.625,37.5,0,"C_C"
"17",2022-05-18,"2","1","no","no","no","no",0,0,0,0,0,0,0,71.875,0,68.75,0,0,0,0,0,0,0,"C","C",9,"2",31420.938495,140.625,2,1.9995061931586,1.99901283316881,68.75,71.875,0,"C_C"
"18",2022-06-01,"2","13","no","yes","no","yes",9.375,0,0,0,0,0,0,112.5,0,18.75,0,0,0,0,0,0,0,"C","NI",23,"4",30388.537994375,140.625,3,1.87330688572446,1.51006711409396,28.125,112.5,0,"C_NI"
"18",2022-05-27,"2","13","no","yes","no","yes",3.125,0,0,0,3.125,0,9.375,18.75,0,9.375,0,0,0,0,0,0,0,"C","NI",18,"3",28681.123006875,43.75,5,4.05652451503777,3.5,15.625,18.75,9.375,"C_NI"
"18",2022-05-18,"2","13","no","yes","no","yes",0,3.125,0,0,0,0,0,90.625,0,6.25,0,0,0,0,0,0,0,"C","NI",9,"2",31420.938495,100,3,1.4488966823777,1.21040189125296,6.25,93.75,0,"C_NI"
"18",2022-05-13,"2","13","no","yes","no","yes",0,0,0,3.125,0,0,0,50,0,0,0,0,0,0,0,0,0,"C","NI",4,"1",26846.747724,53.125,2,1.25071836227823,1.12451361867704,0,53.125,0,"C_NI"
"19",2022-06-01,"2","6","no","yes","no","no",9.375,0,3.125,3.125,0,0,9.375,21.875,0,37.5,0,0,0,0,0,0,0,"C","I",23,"4",30388.537994375,84.375,6,4.2325414259667,3.42253521126761,50,25,9.375,"C_I"
"19",2022-05-18,"2","6","no","yes","no","no",3.125,0,0,0,0,0,9.375,15.625,0,0,0,0,0,0,0,0,0,"C","I",9,"2",31420.938495,28.125,3,2.55202792428089,2.31428571428571,3.125,15.625,9.375,"C_I"
"19",2022-05-27,"2","6","no","yes","no","no",3.125,0,0,0,3.125,0,12.5,12.5,0,25,0,0,0,3.125,0,0,0,"C","I",18,"3",28681.123006875,59.375,6,4.41576793628993,3.64646464646465,34.375,12.5,12.5,"C_I"
"19",2022-05-13,"2","6","no","yes","no","no",0,0,0,0,0,0,0,12.5,0,0,0,0,0,0,0,0,0,"C","I",4,"1",26846.747724,12.5,1,1,1,0,12.5,0,"C_I"
"20",2022-05-27,"2","2","yes","yes","no","no",6.25,0,0,0,0,0,3.125,6.25,0,62.5,0,0,0,0,0,0,0,"I","I",18,"3",28681.123006875,78.125,4,2.03681325617793,1.5281173594132,68.75,6.25,3.125,"I_I"
"20",2022-06-01,"2","2","yes","yes","no","no",0,0,3.125,0,0,0,3.125,59.375,0,78.125,0,0,0,0,0,0,0,"I","I",23,"4",30388.537994375,143.75,4,2.37042921885791,2.1417004048583,81.25,59.375,3.125,"I_I"
"20",2022-05-18,"2","2","yes","yes","no","no",0,0,0,0,0,0,6.25,12.5,0,37.5,0,0,0,0,0,0,0,"I","I",9,"2",31420.938495,56.25,3,2.33657354148564,1.97560975609756,37.5,12.5,6.25,"I_I"
"20",2022-05-13,"2","2","yes","yes","no","no",0,0,0,0,0,0,0,12.5,0,12.5,0,0,0,0,0,0,0,"I","I",4,"1",26846.747724,25,2,2,2,12.5,12.5,0,"I_I"
"21",2022-05-27,"2","16","yes","no","yes","no",6.25,0,0,0,0,0,0,240.625,0,15.625,0,0,0,0,0,0,0,"NI","C",18,"3",28681.123006875,262.5,3,1.40030739741983,1.18429003021148,21.875,240.625,0,"NI_C"
"21",2022-06-01,"2","16","yes","no","yes","no",0,0,6.25,3.125,0,0,0,90.625,0,40.625,0,0,0,0,0,0,0,"NI","C",23,"4",30388.537994375,140.625,4,2.37461540121515,1.99507389162562,46.875,93.75,0,"NI_C"
"21",2022-05-13,"2","16","yes","no","yes","no",0,0,3.125,0,0,0,0,18.75,0,0,0,0,0,0,0,0,0,"NI","C",4,"1",26846.747724,21.875,2,1.50699306577254,1.32432432432432,3.125,18.75,0,"NI_C"
"21",2022-05-18,"2","16","yes","no","yes","no",0,0,0,0,0,0,3.125,34.375,0,3.125,0,0,0,0,0,0,0,"NI","C",9,"2",31420.938495,40.625,3,1.70908997365706,1.3739837398374,3.125,34.375,3.125,"NI_C"
"22",2022-06-01,"2","12","yes","yes","no","yes",6.25,0,3.125,0,0,0,9.375,231.25,0,31.25,0,0,0,0,0,0,0,"I","NI",23,"4",30388.537994375,281.25,5,1.92138299453531,1.44901610017889,40.625,231.25,9.375,"I_NI"
"22",2022-05-27,"2","12","yes","yes","no","yes",3.125,0,0,9.375,0,0,0,3.125,3.125,21.875,0,0,0,0,0,0,0,"I","NI",18,"3",28681.123006875,40.625,5,3.53822670951743,2.77049180327869,25,12.5,0,"I_NI"
"22",2022-05-13,"2","12","yes","yes","no","yes",0,0,0,0,3.125,0,3.125,12.5,0,12.5,0,0,0,0,0,0,0,"I","NI",4,"1",26846.747724,31.25,4,3.29876977693224,2.94117647058823,15.625,12.5,3.125,"I_NI"
"22",2022-05-18,"2","12","yes","yes","no","yes",0,0,0,0,0,0,12.5,34.375,0,6.25,0,0,0,0,0,0,0,"I","NI",9,"2",31420.938495,53.125,3,2.39623897461876,2.04964539007092,6.25,34.375,12.5,"I_NI"
"23",2022-06-01,"2","4","yes","no","no","no",3.125,0,0,0,0,0,12.5,103.125,0,31.25,0,0,0,0,0,0,0,"I","C",23,"4",30388.537994375,150,4,2.39198198474587,1.91044776119403,34.375,103.125,12.5,"I_C"
"23",2022-05-13,"2","4","yes","no","no","no",0,0,0,0,12.5,0,6.25,15.625,0,18.75,0,0,0,0,0,0,0,"I","C",4,"1",26846.747724,53.125,4,3.74241049621507,3.5679012345679,31.25,15.625,6.25,"I_C"
"23",2022-05-27,"2","4","yes","no","no","no",0,0,0,0,0,3.125,37.5,293.75,0,9.375,0,0,0,0,0,0,0,"I","C",18,"3",28681.123006875,343.75,3,1.59915027897318,1.32172655467794,9.375,293.75,37.5,"I_C"
"23",2022-05-18,"2","4","yes","no","no","no",0,0,0,0,0,0,0,53.125,0,15.625,0,0,0,0,0,0,0,"I","C",9,"2",31420.938495,68.75,2,1.70908799027152,1.54140127388535,15.625,53.125,0,"I_C"
"24",2022-06-01,"2","5","no","no","yes","no",25,0,25,28.125,0,3.125,6.25,34.375,0,18.75,0,0,0,0,0,0,0,"N","C",23,"4",30388.537994375,140.625,6,5.49196122965966,5.23243243243243,68.75,62.5,6.25,"N_C"
"24",2022-05-27,"2","5","no","no","yes","no",12.5,0,3.125,0,0,0,0,50,0,34.375,0,0,0,0,0,0,0,"N","C",18,"3",28681.123006875,100,4,2.95021558255974,2.5989847715736,50,50,0,"N_C"
"24",2022-05-18,"2","5","no","no","yes","no",0,0,0,6.25,0,0,6.25,65.625,3.125,0,0,3.125,0,0,0,0,0,"N","C",9,"2",31420.938495,84.375,5,2.28230637304741,1.61640798226164,0,71.875,9.375,"N_C"
"24",2022-05-13,"2","5","no","no","yes","no",0,0,0,0,0,0,3.125,43.75,0,0,0,0,0,0,0,0,0,"N","C",4,"1",26846.747724,46.875,2,1.27753191707406,1.14213197969543,0,43.75,3.125,"N_C"
"25",2022-06-01,"2","8","yes","no","no","yes",12.5,0,3.125,12.5,0,3.125,0,15.625,3.125,25,0,0,0,0,0,0,0,"I","N",23,"4",30388.537994375,75,6,4.85565036905673,4.30081300813008,40.625,28.125,0,"I_N"
"25",2022-05-13,"2","8","yes","no","no","yes",12.5,0,9.375,0,0,0,0,9.375,0,0,0,0,0,12.5,0,0,0,"I","N",4,"1",26846.747724,43.75,4,3.95925266010504,3.92,34.375,9.375,0,"I_N"
"25",2022-05-27,"2","8","yes","no","no","yes",6.25,0,3.125,3.125,0,0,3.125,59.375,0,6.25,0,0,0,0,0,0,0,"I","N",18,"3",28681.123006875,81.25,6,2.71761077401828,1.81720430107527,15.625,62.5,3.125,"I_N"
"25",2022-05-18,"2","8","yes","no","no","yes",0,0,0,0,0,0,6.25,3.125,0,0,0,0,0,0,0,0,0,"I","N",9,"2",31420.938495,9.375,2,1.88988157484231,1.8,0,3.125,6.25,"I_N"
"26",2022-06-01,"2","3","no","no","yes","yes",0,0,9.375,0,0,0,3.125,75,0,0,0,0,0,0,0,0,0,"N","N",23,"4",30388.537994375,87.5,3,1.63305078119194,1.33788395904437,9.375,75,3.125,"N_N"
"26",2022-05-27,"2","3","no","no","yes","yes",0,0,0,3.125,0,0,0,93.75,0,6.25,0,0,0,0,0,0,0,"N","N",18,"3",28681.123006875,103.125,3,1.43691868914221,1.20331491712707,6.25,96.875,0,"N_N"
"26",2022-05-13,"2","3","no","no","yes","yes",0,0,0,0,9.375,0,0,90.625,0,3.125,0,0,0,0,0,0,0,"N","N",4,"1",26846.747724,103.125,3,1.5488224884556,1.27967097532315,12.5,90.625,0,"N_N"
"26",2022-05-18,"2","3","no","no","yes","yes",0,0,0,0,0,0,0,59.375,0,0,0,0,0,0,0,0,0,"N","N",9,"2",31420.938495,59.375,1,1,1,0,59.375,0,"N_N"
"27",2022-06-01,"2","14","yes","no","yes","yes",9.375,0,3.125,3.125,0,0,71.875,125,0,21.875,0,0,0,0,0,0,0,"NI","N",23,"4",30388.537994375,234.375,6,3.19942596037828,2.56966651439013,34.375,128.125,71.875,"NI_N"
"27",2022-05-27,"2","14","yes","no","yes","yes",15.625,0,6.25,0,0,0,28.125,203.125,0,31.25,0,0,0,0,0,0,0,"NI","N",18,"3",28681.123006875,284.375,5,2.59906145523995,1.86719278466742,53.125,203.125,28.125,"NI_N"
"27",2022-05-13,"2","14","yes","no","yes","yes",0,0,0,0,3.125,0,0,6.25,0,6.25,0,0,0,3.125,0,0,0,"NI","N",4,"1",26846.747724,18.75,4,3.77976314968462,3.6,12.5,6.25,0,"NI_N"
"27",2022-05-18,"2","14","yes","no","yes","yes",0,0,0,0,0,0,0,37.5,0,0,0,0,0,0,0,0,0,"NI","N",9,"2",31420.938495,37.5,1,1,1,0,37.5,0,"NI_N"
"28",2022-06-01,"2","7","no","no","no","yes",3.125,0,3.125,0,0,0,3.125,15.625,0,9.375,0,0,0,0,0,0,0,"C","N",23,"4",30388.537994375,34.375,5,3.92242879326861,3.27027027027027,15.625,15.625,3.125,"C_N"
"28",2022-05-27,"2","7","no","no","no","yes",9.375,0,0,0,0,0,0,37.5,0,25,0,0,0,0,0,0,0,"C","N",18,"3",28681.123006875,71.875,3,2.64438866940192,2.43778801843318,34.375,37.5,0,"C_N"
"28",2022-05-13,"2","7","no","no","no","yes",0,0,0,0,0,0,3.125,12.5,0,21.875,0,0,0,12.5,0,0,0,"C","N",4,"1",26846.747724,50,4,3.41475535285454,3.1219512195122,34.375,12.5,3.125,"C_N"
"28",2022-05-18,"2","7","no","no","no","yes",0,0,0,0,0,0,0,31.25,0,9.375,0,0,0,0,0,0,0,"C","N",9,"2",31420.938495,40.625,2,1.71635720768397,1.55045871559633,9.375,31.25,0,"C_N"
"29",2022-05-27,"2","9","no","yes","yes","no",3.125,0,3.125,3.125,0,0,21.875,50,0,25,0,0,0,12.5,0,0,0,"N","I",18,"3",28681.123006875,118.75,7,4.60904353953685,3.72164948453608,43.75,53.125,21.875,"N_I"
"29",2022-06-01,"2","9","no","yes","yes","no",0,0,0,6.25,0,0,37.5,28.125,0,34.375,0,0,0,0,6.25,0,0,"N","I",23,"4",30388.537994375,112.5,5,4.03983561539498,3.66101694915254,34.375,34.375,43.75,"N_I"
"29",2022-05-13,"2","9","no","yes","yes","no",0,0,0,0,0,0,0,34.375,0,0,0,0,0,3.125,0,0,0,"N","I",4,"1",26846.747724,37.5,2,1.33220569124945,1.18032786885246,3.125,34.375,0,"N_I"
"29",2022-05-18,"2","9","no","yes","yes","no",0,0,0,0,0,0,0,43.75,0,56.25,0,0,0,0,0,0,0,"N","I",9,"2",31420.938495,100,2,1.98439524901812,1.96923076923077,56.25,43.75,0,"N_I"
"30",2022-05-27,"2","11","no","yes","yes","yes",0,0,0,0,3.125,0,12.5,21.875,0,18.75,0,0,0,0,0,0,0,"N","NI",18,"3",28681.123006875,56.25,4,3.41545374409807,3.17647058823529,21.875,21.875,12.5,"N_NI"
"30",2022-06-01,"2","11","no","yes","yes","yes",0,0,0,0,0,0,21.875,25,0,53.125,0,0,0,0,0,0,0,"N","NI",23,"4",30388.537994375,100,3,2.75953747246146,2.54726368159204,53.125,25,21.875,"N_NI"
"30",2022-05-13,"2","11","no","yes","yes","yes",0,0,0,0,0,0,0,40.625,0,12.5,0,0,0,0,0,0,0,"N","NI",4,"1",26846.747724,53.125,2,1.72563409452829,1.56216216216216,12.5,40.625,0,"N_NI"
"30",2022-05-18,"2","11","no","yes","yes","yes",0,0,0,0,0,0,0,43.75,0,43.75,0,0,0,0,0,0,0,"N","NI",9,"2",31420.938495,87.5,2,2,2,43.75,43.75,0,"N_NI"
"31",2022-06-01,"2","10","yes","yes","yes","yes",18.75,0,12.5,15.625,0,0,0,100,3.125,93.75,0,0,0,0,0,0,0,"NI","NI",23,"4",30388.537994375,243.75,6,3.72336135467739,3.03896103896104,125,115.625,0,"NI_NI"
"31",2022-05-27,"2","10","yes","yes","yes","yes",6.25,0,12.5,0,0,0,25,56.25,0,37.5,0,3.125,0,0,0,0,0,"NI","NI",18,"3",28681.123006875,140.625,6,4.32391313373772,3.66184448462929,56.25,56.25,28.125,"NI_NI"
"31",2022-05-13,"2","10","yes","yes","yes","yes",0,0,0,3.125,0,0,0,9.375,0,31.25,0,3.125,0,3.125,0,0,0,"NI","NI",4,"1",26846.747724,50,5,3.08787525606088,2.28571428571429,34.375,12.5,3.125,"NI_NI"
"31",2022-05-18,"2","10","yes","yes","yes","yes",0,0,0,0,0,0,0,6.25,0,21.875,0,0,0,0,0,0,0,"NI","NI",9,"2",31420.938495,28.125,2,1.69843323402318,1.52830188679245,21.875,6.25,0,"NI_NI"
"32",2022-06-01,"2","15","yes","yes","yes","no",3.125,0,0,9.375,0,0,6.25,59.375,0,46.875,0,0,0,21.875,0,0,0,"NI","I",23,"4",30388.537994375,146.875,6,4.08015477674699,3.40369799691834,71.875,68.75,6.25,"NI_I"
"32",2022-05-27,"2","15","yes","yes","yes","no",3.125,0,0,0,0,0,0,18.75,0,25,0,0,0,3.125,0,0,0,"NI","I",18,"3",28681.123006875,50,4,2.8891378922424,2.50980392156863,31.25,18.75,0,"NI_I"
"32",2022-05-13,"2","15","yes","yes","yes","no",0,0,0,0,0,0,3.125,9.375,0,3.125,0,0,0,0,0,0,0,"NI","I",4,"1",26846.747724,15.625,3,2.58640928985893,2.27272727272727,3.125,9.375,3.125,"NI_I"
"32",2022-05-18,"2","15","yes","yes","yes","no",0,0,0,0,0,0,0,46.875,0,3.125,0,0,0,0,0,0,0,"NI","I",9,"2",31420.938495,50,2,1.26338125030273,1.13274336283186,3.125,46.875,0,"NI_I"
"33",2022-05-27,"3","15","yes","yes","yes","no",3.125,0,0,0,0,0,0,3.125,0,15.625,0,0,0,0,0,0,0,"NI","I",18,"3",28681.123006875,21.875,3,2.21734745227321,1.81481481481481,18.75,3.125,0,"NI_I"
"33",2022-06-01,"3","15","yes","yes","yes","no",0,0,3.125,0,0,0,6.25,75,0,31.25,0,0,0,0,0,0,0,"NI","I",23,"4",30388.537994375,115.625,4,2.43437458520735,2.01027900146843,34.375,75,6.25,"NI_I"
"33",2022-05-13,"3","15","yes","yes","yes","no",0,0,0,0,3.125,0,3.125,12.5,0,0,0,0,0,3.125,0,0,0,"NI","I",4,"1",26846.747724,21.875,4,3.17003282492367,2.57894736842105,6.25,12.5,3.125,"NI_I"
"33",2022-05-18,"3","15","yes","yes","yes","no",0,0,0,0,0,0,9.375,40.625,0,0,0,0,0,0,0,0,0,"NI","I",9,"2",31420.938495,50,2,1.62024531238264,1.43820224719101,0,40.625,9.375,"NI_I"
"34",2022-06-01,"3","9","no","yes","yes","no",12.5,0,0,0,0,0,6.25,18.75,0,0,0,0,0,0,0,0,0,"N","I",23,"4",30388.537994375,37.5,3,2.74945927399721,2.57142857142857,12.5,18.75,6.25,"N_I"
"34",2022-05-13,"3","9","no","yes","yes","no",6.25,0,0,0,0,0,0,25,0,0,0,0,0,0,0,0,0,"N","I",4,"1",26846.747724,31.25,2,1.64938488846612,1.47058823529412,6.25,25,0,"N_I"
"34",2022-05-18,"3","9","no","yes","yes","no",3.125,0,0,3.125,0,0,6.25,12.5,0,0,0,0,0,0,0,0,0,"N","I",9,"2",31420.938495,25,4,3.36358566101486,2.90909090909091,3.125,15.625,6.25,"N_I"
"34",2022-05-27,"3","9","no","yes","yes","no",18.75,0,9.375,0,0,0,50,18.75,0,6.25,0,0,0,0,0,0,0,"N","I",18,"3",28681.123006875,103.125,5,3.89148354133949,3.19354838709677,34.375,18.75,50,"N_I"
"35",2022-06-01,"3","11","no","yes","yes","yes",9.375,0,0,0,0,0,34.375,84.375,6.25,78.125,0,0,0,6.25,0,0,0,"N","NI",23,"4",30388.537994375,218.75,6,3.9123626982503,3.28418230563003,93.75,84.375,34.375,"N_NI"
"35",2022-05-27,"3","11","no","yes","yes","yes",0,0,0,0,0,3.125,9.375,12.5,0,0,0,0,0,0,0,0,0,"N","NI",18,"3",28681.123006875,25,2,1.97962633005252,1.96,0,12.5,9.375,"N_NI"
"35",2022-05-18,"3","11","no","yes","yes","yes",0,0,0,0,0,0,6.25,37.5,0,0,0,0,0,0,0,0,0,"N","NI",9,"2",31420.938495,43.75,2,1.50699306577254,1.32432432432432,0,37.5,6.25,"N_NI"
"35",2022-05-13,"3","11","no","yes","yes","yes",0,0,0,0,0,0,0,21.875,0,0,0,0,0,0,0,0,0,"N","NI",4,"1",26846.747724,21.875,1,1,1,0,21.875,0,"N_NI"
"36",2022-05-27,"3","4","yes","no","no","no",12.5,0,0,0,0,0,0,40.625,0,59.375,0,0,0,0,0,0,0,"I","C",18,"3",28681.123006875,112.5,3,2.58375833521102,2.37362637362637,71.875,40.625,0,"I_C"
"36",2022-05-13,"3","4","yes","no","no","no",0,0,0,0,6.25,3.125,0,3.125,0,0,0,0,0,9.375,0,0,0,"I","C",4,"1",26846.747724,21.875,3,2.74945927399721,2.57142857142857,15.625,3.125,0,"I_C"
"36",2022-06-01,"3","4","yes","no","no","no",0,0,0,0,0,3.125,0,137.5,0,68.75,0,0,0,0,0,0,0,"I","C",23,"4",30388.537994375,209.375,2,1.88988157484231,1.8,68.75,137.5,0,"I_C"
"36",2022-05-18,"3","4","yes","no","no","no",0,0,0,0,0,0,0,21.875,0,0,0,0,0,0,0,0,0,"I","C",9,"2",31420.938495,21.875,1,1,1,0,21.875,0,"I_C"
"37",2022-05-27,"3","1","no","no","no","no",12.5,0,3.125,0,0,0,0,62.5,0,0,0,0,0,0,0,0,0,"C","C",18,"3",28681.123006875,78.125,3,1.82299892907769,1.49880095923261,15.625,62.5,0,"C_C"
"37",2022-06-01,"3","1","no","no","no","no",0,0,3.125,3.125,0,0,3.125,53.125,0,21.875,0,0,0,0,0,0,0,"C","C",23,"4",30388.537994375,84.375,5,2.73865404072268,2.13782991202346,25,56.25,3.125,"C_C"
"37",2022-05-13,"3","1","no","no","no","no",0,0,0,3.125,0,0,0,53.125,0,6.25,0,0,0,0,0,0,0,"C","C",4,"1",26846.747724,62.5,3,1.67897957501336,1.36054421768708,6.25,56.25,0,"C_C"
"37",2022-05-18,"3","1","no","no","no","no",0,0,0,0,0,0,0,21.875,0,0,0,0,0,0,0,0,0,"C","C",9,"2",31420.938495,21.875,1,1,1,0,21.875,0,"C_C"
"38",2022-06-01,"3","10","yes","yes","yes","yes",6.25,0,3.125,0,0,0,103.125,50,0,0,0,109.375,0,0,0,0,0,"NI","NI",23,"4",30388.537994375,271.875,5,3.26577924086867,2.93941747572815,9.375,50,212.5,"NI_NI"
"38",2022-05-27,"3","10","yes","yes","yes","yes",3.125,0,3.125,0,0,0,31.25,43.75,0,0,0,37.5,0,0,0,3.125,0,"NI","NI",18,"3",28681.123006875,121.875,6,3.90092863901853,3.4334085778781,6.25,43.75,71.875,"NI_NI"
"38",2022-05-18,"3","10","yes","yes","yes","yes",0,0,0,0,0,0,0,25,0,0,0,40.625,0,0,0,3.125,0,"NI","NI",9,"2",31420.938495,68.75,3,2.2687522248984,2.06837606837607,0,25,43.75,"NI_NI"
"38",2022-05-13,"3","10","yes","yes","yes","yes",0,0,0,0,0,0,0,15.625,0,0,6.25,15.625,0,6.25,0,0,0,"NI","NI",4,"1",26846.747724,43.75,4,3.63793702330635,3.37931034482759,6.25,15.625,15.625,"NI_NI"
"39",2022-05-18,"3","12","yes","yes","no","yes",3.125,0,0,0,0,0,0,71.875,0,0,0,0,0,3.125,0,0,0,"I","NI",9,"2",31420.938495,78.125,3,1.39685201795447,1.17702448210923,6.25,71.875,0,"I_NI"
"39",2022-05-27,"3","12","yes","yes","no","yes",3.125,0,0,0,0,0,0,46.875,0,3.125,0,0,0,0,0,0,0,"I","NI",18,"3",28681.123006875,53.125,3,1.55855215457103,1.27312775330396,6.25,46.875,0,"I_NI"
"39",2022-06-01,"3","12","yes","yes","no","yes",0,0,0,3.125,0,0,15.625,259.375,0,0,0,0,0,0,0,0,0,"I","NI",23,"4",30388.537994375,278.125,3,1.31953218503343,1.14548083875633,0,262.5,15.625,"I_NI"
"39",2022-05-13,"3","12","yes","yes","no","yes",0,0,0,0,0,0,0,3.125,0,0,0,0,0,0,0,0,0,"I","NI",4,"1",26846.747724,3.125,1,1,1,0,3.125,0,"I_NI"
"40",2022-06-01,"3","6","no","yes","no","no",6.25,0,0,0,0,0,3.125,6.25,0,9.375,0,0,0,0,0,0,0,"C","I",23,"4",30388.537994375,25,4,3.74674829750099,3.55555555555556,15.625,6.25,3.125,"C_I"
"40",2022-05-27,"3","6","no","yes","no","no",6.25,0,3.125,0,0,0,6.25,18.75,3.125,0,0,0,0,0,0,0,0,"C","I",18,"3",28681.123006875,37.5,5,3.88832259447933,3.1304347826087,9.375,18.75,6.25,"C_I"
"40",2022-05-13,"3","6","no","yes","no","no",0,0,0,0,6.25,0,0,93.75,0,0,0,0,0,0,0,0,0,"C","I",4,"1",26846.747724,100,2,1.26338125030273,1.13274336283186,6.25,93.75,0,"C_I"
"40",2022-05-18,"3","6","no","yes","no","no",0,0,0,0,0,0,0,53.125,0,0,0,0,0,0,0,0,0,"C","I",9,"2",31420.938495,53.125,1,1,1,0,53.125,0,"C_I"
"41",2022-05-27,"3","7","no","no","no","yes",6.25,0,0,0,0,3.125,0,93.75,0,0,0,0,0,0,0,0,0,"C","N",18,"3",28681.123006875,103.125,2,1.26338125030273,1.13274336283186,6.25,93.75,0,"C_N"
"41",2022-06-01,"3","7","no","no","no","yes",0,0,6.25,0,0,0,6.25,56.25,0,0,0,0,0,0,0,0,0,"C","N",23,"4",30388.537994375,68.75,3,1.82242143054562,1.4578313253012,6.25,56.25,6.25,"C_N"
"41",2022-05-13,"3","7","no","no","no","yes",0,0,0,0,0,0,0,106.25,0,0,0,0,0,6.25,0,0,0,"C","N",4,"1",26846.747724,112.5,2,1.23931543072907,1.11724137931034,6.25,106.25,0,"C_N"
"41",2022-05-18,"3","7","no","no","no","yes",0,0,0,0,0,0,0,46.875,0,3.125,0,0,0,0,0,0,0,"C","N",9,"2",31420.938495,50,2,1.26338125030273,1.13274336283186,3.125,46.875,0,"C_N"
"42",2022-06-01,"3","14","yes","no","yes","yes",3.125,0,3.125,3.125,0,0,12.5,53.125,0,0,0,0,0,0,0,0,0,"NI","N",23,"4",30388.537994375,75,5,2.56035345705133,1.87012987012987,6.25,56.25,12.5,"NI_N"
"42",2022-05-18,"3","14","yes","no","yes","yes",3.125,0,0,0,0,0,18.75,15.625,0,0,0,0,0,0,0,0,0,"NI","N",9,"2",31420.938495,37.5,3,2.5053483456112,2.32258064516129,3.125,15.625,18.75,"NI_N"
"42",2022-05-27,"3","14","yes","no","yes","yes",21.875,0,3.125,0,0,0,9.375,121.875,0,0,0,0,0,0,0,0,0,"NI","N",18,"3",28681.123006875,156.25,4,2.04643808675766,1.58227848101266,25,121.875,9.375,"NI_N"
"42",2022-05-13,"3","14","yes","no","yes","yes",0,0,0,0,6.25,0,0,21.875,3.125,0,0,0,0,9.375,0,0,0,"NI","N",4,"1",26846.747724,40.625,4,3.1803385212362,2.68253968253968,15.625,21.875,0,"NI_N"
"43",2022-05-18,"3","5","no","no","yes","no",3.125,0,0,0,0,0,0,28.125,0,0,0,0,0,0,0,0,0,"N","C",9,"2",31420.938495,31.25,2,1.38414548846169,1.21951219512195,3.125,28.125,0,"N_C"
"43",2022-05-27,"3","5","no","no","yes","no",18.75,0,9.375,0,3.125,0,0,46.875,0,0,0,0,0,3.125,0,0,0,"N","C",18,"3",28681.123006875,81.25,5,3.17565519827811,2.48529411764706,34.375,46.875,0,"N_C"
"43",2022-06-01,"3","5","no","no","yes","no",0,0,6.25,0,0,0,6.25,43.75,0,0,0,0,0,0,0,0,0,"N","C",23,"4",30388.537994375,56.25,3,1.98127168926922,1.58823529411765,6.25,43.75,6.25,"N_C"
"43",2022-05-13,"3","5","no","no","yes","no",0,0,0,0,0,3.125,0,46.875,0,0,0,0,0,3.125,0,0,0,"N","C",4,"1",26846.747724,53.125,2,1.26338125030273,1.13274336283186,3.125,46.875,0,"N_C"
"44",2022-06-01,"3","8","yes","no","no","yes",21.875,0,15.625,3.125,3.125,0,15.625,381.25,0,28.125,0,0,0,0,0,0,0,"I","N",23,"4",30388.537994375,468.75,7,2.16717910142873,1.49342891278375,68.75,384.375,15.625,"I_N"
"44",2022-05-18,"3","8","yes","no","no","yes",3.125,0,0,0,0,0,3.125,28.125,0,0,0,0,0,0,0,0,0,"I","N",9,"2",31420.938495,34.375,3,1.82242143054562,1.4578313253012,3.125,28.125,3.125,"I_N"
"44",2022-05-27,"3","8","yes","no","no","yes",21.875,0,0,0,0,0,3.125,287.5,0,40.625,0,0,0,0,0,0,0,"I","N",18,"3",28681.123006875,353.125,4,1.87818494568413,1.47057468616837,62.5,287.5,3.125,"I_N"
"44",2022-05-13,"3","8","yes","no","no","yes",0,0,0,0,3.125,0,0,0,0,0,0,0,0,6.25,0,0,0,"I","N",4,"1",26846.747724,9.375,2,1.88988157484231,1.8,9.375,0,0,"I_N"
"45",2022-05-13,"3","2","yes","yes","no","no",0,0,0,0,3.125,0,15.625,9.375,0,3.125,0,0,0,0,0,0,0,"I","I",4,"1",26846.747724,31.25,4,3.21646345532414,2.77777777777778,6.25,9.375,15.625,"I_I"
"45",2022-06-01,"3","2","yes","yes","no","no",0,0,0,0,0,0,56.25,46.875,0,50,0,0,0,0,0,0,0,"I","I",23,"4",30388.537994375,153.125,3,2.99133874627932,2.98260869565217,50,46.875,56.25,"I_I"
"45",2022-05-18,"3","2","yes","yes","no","no",0,0,0,0,0,0,6.25,21.875,0,0,0,0,0,0,0,0,0,"I","I",9,"2",31420.938495,28.125,2,1.69843323402318,1.52830188679245,0,21.875,6.25,"I_I"
"45",2022-05-27,"3","2","yes","yes","no","no",0,0,0,0,0,0,103.125,28.125,0,31.25,0,0,0,0,0,0,0,"I","I",18,"3",28681.123006875,162.5,3,2.48236698124282,2.12913385826772,31.25,28.125,103.125,"I_I"
"46",2022-06-01,"3","3","no","no","yes","yes",18.75,0,6.25,0,0,0,0,43.75,0,25,0,0,0,0,0,0,0,"N","N",23,"4",30388.537994375,93.75,4,3.35535589631938,3,50,43.75,0,"N_N"
"46",2022-05-27,"3","3","no","no","yes","yes",9.375,0,0,0,0,0,0,93.75,0,18.75,0,0,0,0,0,0,0,"N","N",18,"3",28681.123006875,121.875,3,1.98792628462815,1.60952380952381,28.125,93.75,0,"N_N"
"46",2022-05-13,"3","3","no","no","yes","yes",0,0,0,0,3.125,6.25,0,81.25,0,0,0,0,0,0,0,0,0,"N","N",4,"1",26846.747724,90.625,2,1.17164713929056,1.0768094534712,3.125,81.25,0,"N_N"
"46",2022-05-18,"3","3","no","no","yes","yes",0,0,0,0,0,0,0,50,0,3.125,0,0,0,3.125,0,0,0,"N","N",9,"2",31420.938495,56.25,3,1.53088875019617,1.25581395348837,6.25,50,0,"N_N"
"47",2022-05-13,"3","13","no","yes","no","yes",3.125,0,0,0,6.25,0,3.125,56.25,0,0,0,0,0,0,0,0,0,"C","NI",4,"1",26846.747724,68.75,4,1.94095370580704,1.46666666666667,9.375,56.25,3.125,"C_NI"
"47",2022-05-27,"3","13","no","yes","no","yes",9.375,0,0,0,0,0,31.25,21.875,0,25,0,0,0,0,0,0,0,"C","NI",18,"3",28681.123006875,87.5,4,3.71188762014078,3.53153153153153,34.375,21.875,31.25,"C_NI"
"47",2022-06-01,"3","13","no","yes","no","yes",0,0,0,0,0,0,40.625,28.125,0,100,0,0,0,0,0,0,0,"C","NI",23,"4",30388.537994375,168.75,3,2.58964996565538,2.28885400313972,100,28.125,40.625,"C_NI"
"47",2022-05-18,"3","13","no","yes","no","yes",0,0,0,0,0,0,9.375,40.625,0,0,0,0,0,0,0,0,0,"C","NI",9,"2",31420.938495,50,2,1.62024531238264,1.43820224719101,0,40.625,9.375,"C_NI"
"48",2022-06-01,"3","16","yes","no","yes","no",18.75,0,3.125,0,0,6.25,18.75,371.875,0,37.5,0,0,0,0,0,0,0,"NI","C",23,"4",30388.537994375,456.25,5,1.94256623985446,1.442203366254,59.375,371.875,18.75,"NI_C"
"48",2022-05-13,"3","16","yes","no","yes","no",3.125,0,0,0,3.125,0,6.25,3.125,0,25,0,0,0,12.5,0,0,0,"NI","C",4,"1",26846.747724,53.125,6,4.25,3.32183908045977,43.75,3.125,6.25,"NI_C"
"48",2022-05-27,"3","16","yes","no","yes","no",21.875,0,6.25,0,0,0,6.25,256.25,0,18.75,0,0,0,0,0,0,0,"NI","C",18,"3",28681.123006875,309.375,5,1.95604178212779,1.43772920639578,46.875,256.25,6.25,"NI_C"
"48",2022-05-18,"3","16","yes","no","yes","no",0,0,0,0,6.25,0,0,106.25,0,0,0,0,0,0,0,0,0,"NI","C",9,"2",31420.938495,112.5,2,1.23931543072907,1.11724137931034,6.25,106.25,0,"NI_C"
"49",2022-05-27,"4","5","no","no","yes","no",6.25,0,0,0,0,0,84.375,15.625,0,9.375,0,0,0,6.25,0,0,0,"N","C",18,"3",28681.123006875,121.875,5,2.77288856801193,1.9727626459144,21.875,15.625,84.375,"N_C"
"49",2022-06-01,"4","5","no","no","yes","no",0,0,0,0,46.875,0,71.875,203.125,0,18.75,0,0,0,0,0,0,0,"N","C",23,"4",30388.537994375,340.625,4,2.9128148225198,2.3690927218345,65.625,203.125,71.875,"N_C"
"49",2022-05-13,"4","5","no","no","yes","no",0,0,0,0,9.375,0,0,25,0,0,0,0,0,0,0,0,0,"N","C",4,"1",26846.747724,34.375,2,1.79670174162689,1.65753424657534,9.375,25,0,"N_C"
"49",2022-05-18,"4","5","no","no","yes","no",0,0,0,0,0,0,0,46.875,0,0,0,0,0,0,0,0,0,"N","C",9,"2",31420.938495,46.875,1,1,1,0,46.875,0,"N_C"
"50",2022-05-27,"4","14","yes","no","yes","yes",6.25,0,0,0,0,0,0,287.5,0,9.375,0,0,0,0,0,0,0,"NI","N",18,"3",28681.123006875,303.125,3,1.26837289343136,1.10994455585702,15.625,287.5,0,"NI_N"
"50",2022-06-01,"4","14","yes","no","yes","yes",0,0,0,3.125,0,0,0,496.875,0,9.375,0,0,0,0,0,0,0,"NI","N",23,"4",30388.537994375,509.375,3,1.13770881393302,1.05053180973469,9.375,500,0,"NI_N"
"50",2022-05-18,"4","14","yes","no","yes","yes",0,0,0,0,0,0,3.125,78.125,0,0,0,0,0,0,0,0,0,"NI","N",9,"2",31420.938495,81.25,2,1.1770645027989,1.07987220447284,0,78.125,3.125,"NI_N"
"50",2022-05-13,"4","14","yes","no","yes","yes",0,0,0,0,0,0,0,0,0,0,0,0,0,6.25,0,0,0,"NI","N",4,"1",26846.747724,6.25,1,1,1,6.25,0,0,"NI_N"
"51",2022-06-01,"4","11","no","yes","yes","yes",0,0,3.125,0,0,0,0,37.5,0,53.125,0,0,0,0,6.25,0,0,"N","NI",23,"4",30388.537994375,100,4,2.67896257664571,2.337899543379,56.25,37.5,6.25,"N_NI"
"51",2022-05-18,"4","11","no","yes","yes","yes",0,0,0,0,0,0,6.25,109.375,0,12.5,0,9.375,0,0,0,0,0,"N","NI",9,"2",31420.938495,137.5,4,2.06191059092382,1.54385964912281,12.5,109.375,15.625,"N_NI"
"51",2022-05-27,"4","11","no","yes","yes","yes",0,0,0,0,0,0,15.625,12.5,0,28.125,0,0,0,0,0,0,0,"N","NI",18,"3",28681.123006875,56.25,3,2.81969287334803,2.65573770491803,28.125,12.5,15.625,"N_NI"
"51",2022-05-13,"4","11","no","yes","yes","yes",0,0,0,0,0,0,0,43.75,0,15.625,0,0,0,0,0,0,0,"N","NI",4,"1",26846.747724,59.375,2,1.77950302833546,1.63348416289593,15.625,43.75,0,"N_NI"
"52",2022-06-01,"4","3","no","no","yes","yes",3.125,0,0,0,0,0,3.125,46.875,0,28.125,0,0,0,0,0,0,0,"N","N",23,"4",30388.537994375,81.25,4,2.5476774627789,2.1948051948052,31.25,46.875,3.125,"N_N"
"52",2022-05-13,"4","3","no","no","yes","yes",3.125,0,0,0,0,6.25,0,40.625,0,6.25,0,0,0,0,0,0,0,"N","N",4,"1",26846.747724,56.25,3,1.82562788005792,1.47126436781609,9.375,40.625,0,"N_N"
"52",2022-05-27,"4","3","no","no","yes","yes",0,0,0,0,6.25,0,3.125,59.375,0,0,0,0,0,0,0,0,0,"N","N",18,"3",28681.123006875,68.75,3,1.62434474463618,1.3224043715847,6.25,59.375,3.125,"N_N"
"52",2022-05-18,"4","3","no","no","yes","yes",0,0,0,0,0,0,3.125,56.25,0,3.125,0,0,0,0,0,0,0,"N","N",9,"2",31420.938495,62.5,3,1.48349040282257,1.22699386503067,3.125,56.25,3.125,"N_N"
"53",2022-06-01,"4","10","yes","yes","yes","yes",12.5,0,21.875,0,0,0,12.5,106.25,0,15.625,0,0,0,0,0,0,0,"NI","NI",23,"4",30388.537994375,168.75,5,3.19643585025532,2.31061806656101,50,106.25,12.5,"NI_NI"
"53",2022-05-27,"4","10","yes","yes","yes","yes",3.125,0,0,0,0,0,15.625,25,0,15.625,0,0,0,0,0,0,0,"NI","NI",18,"3",28681.123006875,59.375,4,3.39333108654586,3.13913043478261,18.75,25,15.625,"NI_NI"
"53",2022-05-18,"4","10","yes","yes","yes","yes",0,0,0,0,0,0,6.25,43.75,0,3.125,0,0,0,0,0,0,0,"NI","NI",9,"2",31420.938495,53.125,3,1.78304983158652,1.43781094527363,3.125,43.75,6.25,"NI_NI"
"54",2022-06-01,"4","13","no","yes","no","yes",12.5,0,0,0,0,0,3.125,65.625,0,43.75,0,0,0,0,0,0,0,"C","NI",23,"4",30388.537994375,125,4,2.79604431264599,2.44648318042813,56.25,65.625,3.125,"C_NI"
"54",2022-05-27,"4","13","no","yes","no","yes",3.125,0,0,0,0,0,0,0,0,15.625,0,0,0,0,0,0,0,"C","NI",18,"3",28681.123006875,18.75,2,1.5691925832142,1.38461538461538,18.75,0,0,"C_NI"
"54",2022-05-18,"4","13","no","yes","no","yes",0,0,3.125,0,0,0,3.125,3.125,0,15.625,0,0,0,0,0,0,0,"C","NI",9,"2",31420.938495,25,4,2.92572655996732,2.28571428571429,18.75,3.125,3.125,"C_NI"
"54",2022-05-13,"4","13","no","yes","no","yes",0,0,0,0,0,0,0,12.5,0,9.375,0,0,0,0,0,0,0,"C","NI",4,"1",26846.747724,21.875,2,1.97962633005252,1.96,9.375,12.5,0,"C_NI"
"55",2022-06-01,"4","7","no","no","no","yes",6.25,0,6.25,3.125,0,0,3.125,46.875,0,31.25,0,0,3.125,0,0,0,0,"C","N",23,"4",30388.537994375,100,7,4.01539663937298,3.04761904761905,46.875,50,3.125,"C_N"
"55",2022-05-18,"4","7","no","no","no","yes",0,0,0,0,3.125,0,0,112.5,0,59.375,0,0,0,0,0,0,0,"C","N",9,"2",31420.938495,175,3,2.05989469459785,1.89143546441496,62.5,112.5,0,"C_N"
"55",2022-05-27,"4","7","no","no","no","yes",0,0,0,0,0,0,3.125,40.625,0,34.375,0,0,0,0,0,0,0,"C","N",18,"3",28681.123006875,78.125,3,2.29338350210769,2.14776632302405,34.375,40.625,3.125,"C_N"
"55",2022-05-13,"4","7","no","no","no","yes",0,0,0,0,0,0,0,43.75,0,118.75,0,0,0,0,0,0,0,"C","N",4,"1",26846.747724,162.5,2,1.79049522551029,1.64878048780488,118.75,43.75,0,"C_N"
"56",2022-05-27,"4","2","yes","yes","no","no",0,0,3.125,0,0,0,40.625,12.5,0,3.125,0,0,0,12.5,0,0,0,"I","I",18,"3",28681.123006875,71.875,5,3.33192724315626,2.60591133004926,18.75,12.5,40.625,"I_I"
"56",2022-05-13,"4","2","yes","yes","no","no",0,0,0,0,3.125,0,0,0,0,3.125,0,0,0,0,0,0,0,"I","I",4,"1",26846.747724,6.25,2,2,2,6.25,0,0,"I_I"
"56",2022-06-01,"4","2","yes","yes","no","no",0,0,0,0,0,0,37.5,18.75,0,28.125,0,0,0,0,0,0,0,"I","I",23,"4",30388.537994375,84.375,3,2.88884551680244,2.79310344827586,28.125,18.75,37.5,"I_I"
"56",2022-05-18,"4","2","yes","yes","no","no",0,0,0,0,0,0,3.125,0,0,0,0,0,0,0,0,0,0,"I","I",9,"2",31420.938495,3.125,1,1,1,0,0,3.125,"I_I"
"57",2022-06-01,"4","9","no","yes","yes","no",3.125,0,9.375,0,0,0,9.375,34.375,0,37.5,0,0,0,0,0,0,0,"N","I",23,"4",30388.537994375,93.75,5,3.69981936179017,3.16901408450704,50,34.375,9.375,"N_I"
"57",2022-05-27,"4","9","no","yes","yes","no",3.125,0,3.125,0,0,0,0,28.125,0,3.125,0,0,0,3.125,0,0,0,"N","I",18,"3",28681.123006875,40.625,5,2.83997111357266,1.98823529411765,12.5,28.125,0,"N_I"
"57",2022-05-13,"4","9","no","yes","yes","no",0,0,0,0,0,0,3.125,9.375,0,0,0,0,0,0,0,0,0,"N","I",4,"1",26846.747724,12.5,2,1.75476535060332,1.6,0,9.375,3.125,"N_I"
"57",2022-05-18,"4","9","no","yes","yes","no",0,0,0,0,0,0,3.125,46.875,0,0,0,0,0,0,0,0,0,"N","I",9,"2",31420.938495,50,2,1.26338125030273,1.13274336283186,0,46.875,3.125,"N_I"
"58",2022-05-13,"4","1","no","no","no","no",3.125,0,0,0,0,0,9.375,21.875,0,0,0,0,0,3.125,0,0,0,"C","C",4,"1",26846.747724,37.5,4,2.93040114731895,2.4,6.25,21.875,9.375,"C_C"
"58",2022-05-27,"4","1","no","no","no","no",25,0,9.375,0,0,0,18.75,40.625,3.125,21.875,0,0,0,0,0,0,0,"C","C",18,"3",28681.123006875,118.75,6,4.92452215933499,4.40243902439024,56.25,40.625,18.75,"C_C"
"58",2022-06-01,"4","1","no","no","no","no",0,0,6.25,3.125,0,0,3.125,15.625,0,81.25,0,0,0,0,0,0,0,"C","C",23,"4",30388.537994375,109.375,5,2.37624061190038,1.73267326732673,87.5,18.75,3.125,"C_C"
"58",2022-05-18,"4","1","no","no","no","no",0,0,0,0,0,0,6.25,25,0,9.375,0,0,0,0,0,0,0,"C","C",9,"2",31420.938495,40.625,3,2.52219381313282,2.19480519480519,9.375,25,6.25,"C_C"
"59",2022-06-01,"4","15","yes","yes","yes","no",3.125,0,6.25,0,0,0,28.125,50,0,84.375,0,0,0,0,0,0,0,"NI","I",23,"4",30388.537994375,171.875,5,3.3136637453263,2.82446311858077,93.75,50,28.125,"NI_I"
"59",2022-05-18,"4","15","yes","yes","yes","no",3.125,0,0,0,0,3.125,37.5,21.875,0,31.25,0,0,0,0,0,0,0,"NI","I",9,"2",31420.938495,96.875,4,3.272848334168,3.06122448979592,34.375,21.875,37.5,"NI_I"
"59",2022-05-27,"4","15","yes","yes","yes","no",28.125,0,3.125,0,0,0,12.5,28.125,3.125,25,0,0,0,3.125,0,0,0,"NI","I",18,"3",28681.123006875,103.125,7,5.08288344492502,4.44489795918367,59.375,28.125,12.5,"NI_I"
"59",2022-05-13,"4","15","yes","yes","yes","no",0,0,0,0,0,0,3.125,9.375,0,15.625,0,0,0,0,0,0,0,"NI","I",4,"1",26846.747724,28.125,3,2.55202792428089,2.31428571428571,15.625,9.375,3.125,"NI_I"
"60",2022-06-01,"4","12","yes","yes","no","yes",31.25,0,21.875,0,0,0,3.125,12.5,0,21.875,0,0,0,0,0,0,0,"I","NI",23,"4",30388.537994375,90.625,5,4.23203538350436,3.91162790697674,75,12.5,3.125,"I_NI"
"60",2022-05-27,"4","12","yes","yes","no","yes",37.5,0,9.375,0,0,3.125,31.25,6.25,0,56.25,0,0,0,0,0,0,0,"I","NI",18,"3",28681.123006875,143.75,5,3.94377772152074,3.48537005163511,103.125,6.25,31.25,"I_NI"
"60",2022-05-18,"4","12","yes","yes","no","yes",0,0,0,0,0,0,50,12.5,0,43.75,0,3.125,0,3.125,0,0,0,"I","NI",9,"2",31420.938495,112.5,5,3.22497276324957,2.75744680851064,46.875,12.5,53.125,"I_NI"
"60",2022-05-13,"4","12","yes","yes","no","yes",0,0,0,0,0,0,0,3.125,0,3.125,0,0,0,3.125,0,0,0,"I","NI",4,"1",26846.747724,9.375,3,3,3,6.25,3.125,0,"I_NI"
"61",2022-06-01,"4","8","yes","no","no","yes",18.75,0,18.75,0,3.125,0,12.5,12.5,0,15.625,0,0,0,0,0,0,0,"I","N",23,"4",30388.537994375,81.25,6,5.44703392826452,5.2,56.25,12.5,12.5,"I_N"
"61",2022-05-13,"4","8","yes","no","no","yes",6.25,0,0,0,0,0,0,0,0,6.25,0,0,0,9.375,0,0,0,"I","N",4,"1",26846.747724,21.875,3,2.94171342108318,2.88235294117647,21.875,0,0,"I_N"
"61",2022-05-27,"4","8","yes","no","no","yes",0,0,6.25,0,0,0,3.125,78.125,0,0,0,0,0,0,0,0,0,"I","N",18,"3",28681.123006875,87.5,3,1.50485677126045,1.24444444444444,6.25,78.125,3.125,"I_N"
"61",2022-05-18,"4","8","yes","no","no","yes",0,0,0,0,0,0,0,12.5,0,0,0,0,0,0,0,0,0,"I","N",9,"2",31420.938495,12.5,1,1,1,0,12.5,0,"I_N"
"62",2022-06-01,"4","4","yes","no","no","no",6.25,0,9.375,0,0,0,37.5,21.875,0,68.75,0,0,0,0,0,0,0,"I","C",23,"4",30388.537994375,143.75,5,3.68465907453671,3.06666666666667,84.375,21.875,37.5,"I_C"
"62",2022-05-13,"4","4","yes","no","no","no",9.375,0,0,0,0,3.125,31.25,0,0,3.125,0,0,0,0,0,0,0,"I","C",4,"1",26846.747724,46.875,3,2.1360039551582,1.78181818181818,12.5,0,31.25,"I_C"
"62",2022-05-27,"4","4","yes","no","no","no",28.125,0,6.25,0,0,0,21.875,12.5,0,50,0,0,0,0,0,0,0,"I","C",18,"3",28681.123006875,118.75,5,4.09153744076772,3.55665024630542,84.375,12.5,21.875,"I_C"
"62",2022-05-18,"4","4","yes","no","no","no",0,0,0,0,0,0,37.5,0,0,0,0,0,0,0,0,0,0,"I","C",9,"2",31420.938495,37.5,1,1,1,0,0,37.5,"I_C"
"63",2022-05-27,"4","16","yes","no","yes","no",12.5,0,0,0,0,0,15.625,71.875,0,18.75,0,0,0,0,0,0,0,"NI","C",18,"3",28681.123006875,118.75,4,3.00171493565111,2.38283828382838,31.25,71.875,15.625,"NI_C"
"63",2022-06-01,"4","16","yes","no","yes","no",0,0,3.125,0,0,0,0,75,0,56.25,0,0,0,0,0,0,0,"NI","C",23,"4",30388.537994375,134.375,3,2.17598093516642,2.05216426193119,59.375,75,0,"NI_C"
"63",2022-05-18,"4","16","yes","no","yes","no",0,0,3.125,0,0,0,12.5,53.125,0,0,0,0,0,0,0,0,0,"NI","C",9,"2",31420.938495,68.75,3,1.91494272342682,1.58169934640523,3.125,53.125,12.5,"NI_C"
"63",2022-05-13,"4","16","yes","no","yes","no",0,0,0,0,0,0,6.25,3.125,0,0,0,0,0,0,0,0,0,"NI","C",4,"1",26846.747724,9.375,2,1.88988157484231,1.8,0,3.125,6.25,"NI_C"
"64",2022-06-01,"4","6","no","yes","no","no",3.125,0,0,0,0,0,12.5,18.75,0,75,0,0,0,0,0,0,0,"C","I",23,"4",30388.537994375,109.375,4,2.48561158970845,1.94753577106518,78.125,18.75,12.5,"C_I"
"64",2022-05-13,"4","6","no","yes","no","no",0,0,0,6.25,6.25,0,0,34.375,0,18.75,0,0,0,0,0,0,0,"C","I",4,"1",26846.747724,65.625,4,3.14094197012954,2.67272727272727,25,40.625,0,"C_I"
"64",2022-05-27,"4","6","no","yes","no","no",0,0,0,0,3.125,0,0,15.625,0,37.5,0,0,0,0,0,0,0,"C","I",18,"3",28681.123006875,56.25,3,2.19613992099354,1.90588235294118,40.625,15.625,0,"C_I"
"64",2022-05-18,"4","6","no","yes","no","no",0,0,0,0,0,3.125,3.125,43.75,0,9.375,0,0,0,0,0,0,0,"C","I",9,"2",31420.938495,59.375,3,1.9245064870902,1.57281553398058,9.375,43.75,3.125,"C_I"
"65",2022-06-01,"5","1","no","no","no","no",0,0,0,0,0,0,203.125,65.625,0,9.375,0,28.125,0,0,0,0,0,"C","C",23,"4",30388.537994375,306.25,4,2.53052462778302,2.01934398654331,9.375,65.625,231.25,"C_C"
"65",2022-05-13,"5","1","no","no","no","no",0,0,0,0,0,0,3.125,28.125,0,0,0,0,0,0,0,0,0,"C","C",4,"1",26846.747724,31.25,2,1.38414548846169,1.21951219512195,0,28.125,3.125,"C_C"
"65",2022-05-18,"5","1","no","no","no","no",0,0,0,0,0,0,3.125,40.625,0,0,0,0,0,0,0,0,0,"C","C",9,"2",31420.938495,43.75,2,1.29345720901131,1.15294117647059,0,40.625,3.125,"C_C"
"65",2022-05-27,"5","1","no","no","no","no",0,0,0,0,0,0,21.875,115.625,0,9.375,0,0,0,0,0,0,0,"C","C",18,"3",28681.123006875,146.875,3,1.91089076450768,1.54800280308339,9.375,115.625,21.875,"C_C"
"66",2022-06-01,"5","3","no","no","yes","yes",9.375,0,6.25,0,0,3.125,3.125,178.125,0,12.5,0,0,0,0,3.125,0,0,"N","N",23,"4",30388.537994375,215.625,6,1.9740313817703,1.40975609756098,28.125,178.125,6.25,"N_N"
"66",2022-05-27,"5","3","no","no","yes","yes",9.375,0,0,0,0,0,18.75,62.5,0,25,0,0,0,0,0,0,0,"N","N",18,"3",28681.123006875,115.625,4,3.19747656902391,2.68958742632613,34.375,62.5,18.75,"N_N"
"66",2022-05-13,"5","3","no","no","yes","yes",0,0,0,0,0,3.125,0,31.25,0,0,0,0,0,0,0,0,0,"N","N",4,"1",26846.747724,34.375,1,1,1,0,31.25,0,"N_N"
"66",2022-05-18,"5","3","no","no","yes","yes",0,0,0,0,0,0,6.25,53.125,0,37.5,0,0,0,0,0,0,0,"N","N",9,"2",31420.938495,96.875,3,2.39568940915852,2.19908466819222,37.5,53.125,6.25,"N_N"
"67",2022-06-01,"5","10","yes","yes","yes","yes",3.125,0,15.625,0,0,0,6.25,84.375,0,59.375,0,3.125,0,0,0,0,0,"NI","NI",23,"4",30388.537994375,171.875,6,3.322405892422,2.69848349687779,78.125,84.375,9.375,"NI_NI"
"67",2022-05-18,"5","10","yes","yes","yes","yes",0,0,0,0,0,0,3.125,87.5,0,31.25,0,0,0,0,0,0,0,"NI","NI",9,"2",31420.938495,121.875,3,1.9754638983362,1.71864406779661,31.25,87.5,3.125,"NI_NI"
"67",2022-05-27,"5","10","yes","yes","yes","yes",0,0,0,0,0,0,12.5,21.875,3.125,9.375,0,0,0,0,0,0,0,"NI","NI",18,"3",28681.123006875,46.875,4,3.35535589631938,3,9.375,21.875,12.5,"NI_NI"
"67",2022-05-13,"5","10","yes","yes","yes","yes",0,0,0,0,0,0,0,0,0,15.625,0,0,0,3.125,0,0,0,"NI","NI",4,"1",26846.747724,18.75,2,1.5691925832142,1.38461538461538,18.75,0,0,"NI_NI"
"68",2022-06-01,"5","5","no","no","yes","no",6.25,0,3.125,0,0,0,6.25,9.375,0,6.25,0,0,0,0,0,0,0,"N","C",23,"4",30388.537994375,31.25,5,4.74510280626355,4.54545454545454,15.625,9.375,6.25,"N_C"
"68",2022-05-13,"5","5","no","no","yes","no",3.125,0,0,0,0,3.125,0,87.5,0,37.5,0,0,3.125,0,0,0,0,"N","C",4,"1",26846.747724,134.375,4,2.23944175059475,1.89677419354839,43.75,87.5,0,"N_C"
"68",2022-05-27,"5","5","no","no","yes","no",15.625,0,6.25,0,0,0,3.125,28.125,0,15.625,0,0,0,0,0,0,0,"N","C",18,"3",28681.123006875,68.75,5,4.04548638186763,3.55882352941176,37.5,28.125,3.125,"N_C"
"68",2022-05-18,"5","5","no","no","yes","no",0,0,0,0,0,0,3.125,75,0,28.125,0,3.125,0,0,0,0,0,"N","C",9,"2",31420.938495,109.375,4,2.25040577331087,1.85887708649469,28.125,75,6.25,"N_C"
"69",2022-06-01,"5","12","yes","yes","no","yes",12.5,0,6.25,0,0,3.125,3.125,15.625,0,43.75,0,0,0,0,0,0,0,"I","NI",23,"4",30388.537994375,84.375,5,3.52881919009432,2.79338842975207,62.5,15.625,3.125,"I_NI"
"69",2022-05-27,"5","12","yes","yes","no","yes",0,0,3.125,0,0,0,9.375,3.125,0,31.25,0,0,0,0,0,0,0,"I","NI",18,"3",28681.123006875,46.875,4,2.59418140167992,2.02702702702703,34.375,3.125,9.375,"I_NI"
"69",2022-05-13,"5","12","yes","yes","no","yes",0,0,0,0,0,6.25,3.125,9.375,0,0,0,3.125,0,3.125,0,0,0,"I","NI",4,"1",26846.747724,25,4,3.46410161513775,3,3.125,9.375,6.25,"I_NI"
"69",2022-05-18,"5","12","yes","yes","no","yes",0,0,0,0,0,3.125,0,56.25,0,12.5,0,0,0,0,0,0,0,"I","NI",9,"2",31420.938495,71.875,2,1.60663079608635,1.42352941176471,12.5,56.25,0,"I_NI"
"70",2022-06-01,"5","16","yes","no","yes","no",28.125,0,31.25,3.125,3.125,0,50,421.875,0,9.375,0,0,0,0,0,0,0,"NI","C",23,"4",30388.537994375,546.875,7,2.37218926063216,1.64006854817116,71.875,425,50,"NI_C"
"70",2022-05-13,"5","16","yes","no","yes","no",3.125,0,3.125,0,0,0,28.125,3.125,0,0,0,0,0,0,0,0,0,"NI","C",4,"1",26846.747724,37.5,4,2.3094010767585,1.71428571428571,6.25,3.125,28.125,"NI_C"
"70",2022-05-27,"5","16","yes","no","yes","no",0,0,6.25,0,0,0,40.625,59.375,0,12.5,0,0,0,0,0,0,0,"NI","C",18,"3",28681.123006875,118.75,4,3.02066450648704,2.62545454545455,18.75,59.375,40.625,"NI_C"
"70",2022-05-18,"5","16","yes","no","yes","no",0,0,0,0,0,0,46.875,34.375,0,0,0,0,0,0,0,12.5,0,"NI","C",9,"2",31420.938495,93.75,3,2.67274161120649,2.48618784530387,0,34.375,59.375,"NI_C"
"71",2022-05-13,"5","4","yes","no","no","no",0,0,0,0,0,6.25,0,6.25,0,0,3.125,0,0,3.125,0,0,0,"I","C",4,"1",26846.747724,18.75,3,2.82842712474619,2.66666666666667,3.125,6.25,0,"I_C"
"71",2022-06-01,"5","4","yes","no","no","no",0,0,0,0,0,0,3.125,56.25,0,3.125,0,0,0,0,0,0,0,"I","C",23,"4",30388.537994375,62.5,3,1.48349040282257,1.22699386503067,3.125,56.25,3.125,"I_C"
"71",2022-05-18,"5","4","yes","no","no","no",0,0,0,0,0,0,0,28.125,0,0,0,0,0,0,0,0,0,"I","C",9,"2",31420.938495,28.125,1,1,1,0,28.125,0,"I_C"
"71",2022-05-27,"5","4","yes","no","no","no",0,0,0,0,0,0,0,84.375,0,0,0,0,0,0,0,0,0,"I","C",18,"3",28681.123006875,84.375,1,1,1,0,84.375,0,"I_C"
"72",2022-06-01,"5","14","yes","no","yes","yes",12.5,0,12.5,0,0,0,3.125,106.25,0,31.25,0,0,0,3.125,0,0,0,"NI","N",23,"4",30388.537994375,168.75,6,3.11709471299747,2.26046511627907,59.375,106.25,3.125,"NI_N"
"72",2022-05-27,"5","14","yes","no","yes","yes",0,0,3.125,0,0,0,3.125,78.125,0,12.5,0,0,0,0,0,0,0,"NI","N",18,"3",28681.123006875,96.875,4,1.93332808075088,1.4945567651633,15.625,78.125,3.125,"NI_N"
"72",2022-05-13,"5","14","yes","no","yes","yes",0,0,0,0,0,0,3.125,6.25,0,6.25,0,3.125,0,3.125,0,0,0,"NI","N",4,"1",26846.747724,21.875,5,4.71065067421325,4.45454545454546,9.375,6.25,6.25,"NI_N"
"72",2022-05-18,"5","14","yes","no","yes","yes",0,0,0,0,0,0,6.25,18.75,0,9.375,0,0,0,0,0,0,0,"NI","N",9,"2",31420.938495,34.375,3,2.70451779632421,2.46938775510204,9.375,18.75,6.25,"NI_N"
"73",2022-06-01,"5","7","no","no","no","yes",31.25,0,25,0,0,0,121.875,96.875,0,15.625,0,0,0,0,0,0,0,"C","N",23,"4",30388.537994375,290.625,5,3.81373636459992,3.23811306626732,71.875,96.875,121.875,"C_N"
"73",2022-05-13,"5","7","no","no","no","yes",3.125,0,0,0,6.25,0,0,43.75,0,28.125,0,0,0,0,0,0,0,"C","N",4,"1",26846.747724,81.25,4,2.78199672427895,2.39716312056738,37.5,43.75,0,"C_N"
"73",2022-05-18,"5","7","no","no","no","yes",3.125,0,0,0,0,0,21.875,90.625,0,15.625,0,0,0,0,0,0,0,"C","N",9,"2",31420.938495,131.25,4,2.45153390355439,1.92576419213974,18.75,90.625,21.875,"C_N"
"73",2022-05-27,"5","7","no","no","no","yes",153.125,0,118.75,18.75,3.125,0,96.875,203.125,0,34.375,0,0,0,0,0,3.125,0,"C","N",18,"3",28681.123006875,631.25,8,5.08285643318902,4.44004352557127,309.375,221.875,100,"C_N"
"74",2022-06-01,"5","13","no","yes","no","yes",21.875,0,9.375,0,0,0,75,18.75,0,53.125,0,0,0,0,0,0,0,"C","NI",23,"4",30388.537994375,178.125,5,3.95322026858478,3.38790406673618,84.375,18.75,75,"C_NI"
"74",2022-05-13,"5","13","no","yes","no","yes",0,0,0,0,3.125,0,3.125,31.25,0,6.25,0,0,0,0,0,0,0,"C","NI",4,"1",26846.747724,43.75,4,2.4481500702262,1.84905660377358,9.375,31.25,3.125,"C_NI"
"74",2022-05-18,"5","13","no","yes","no","yes",0,0,0,0,0,0,6.25,53.125,0,3.125,0,0,0,0,0,0,0,"C","NI",9,"2",31420.938495,62.5,3,1.67897957501336,1.36054421768708,3.125,53.125,6.25,"C_NI"
"74",2022-05-27,"5","13","no","yes","no","yes",0,0,0,0,0,0,15.625,3.125,0,6.25,0,0,0,0,0,0,0,"C","NI",18,"3",28681.123006875,25,3,2.4602329762891,2.13333333333333,6.25,3.125,15.625,"C_NI"
"75",2022-06-01,"5","11","no","yes","yes","yes",12.5,0,0,0,0,3.125,0,25,0,25,0,0,0,0,0,0,0,"N","NI",23,"4",30388.537994375,65.625,3,2.87174588749259,2.77777777777778,37.5,25,0,"N_NI"
"75",2022-05-18,"5","11","no","yes","yes","yes",3.125,0,0,0,0,0,0,93.75,3.125,34.375,0,0,0,0,0,0,0,"N","NI",9,"2",31420.938495,134.375,4,2.17028097361092,1.80742913000977,37.5,93.75,0,"N_NI"
"75",2022-05-27,"5","11","no","yes","yes","yes",0,0,0,0,0,0,12.5,28.125,0,31.25,0,0,0,0,0,0,0,"N","NI",18,"3",28681.123006875,71.875,3,2.81086442527627,2.68527918781726,31.25,28.125,12.5,"N_NI"
"75",2022-05-13,"5","11","no","yes","yes","yes",0,0,0,0,0,0,0,81.25,0,28.125,0,0,0,0,0,0,0,"N","NI",4,"1",26846.747724,109.375,2,1.76835046344423,1.61822985468956,28.125,81.25,0,"N_NI"
"76",2022-06-01,"5","6","no","yes","no","no",3.125,0,9.375,0,0,0,21.875,31.25,0,43.75,0,0,0,0,0,0,0,"C","I",23,"4",30388.537994375,109.375,5,3.89033346299372,3.45070422535211,56.25,31.25,21.875,"C_I"
"76",2022-05-18,"5","6","no","yes","no","no",0,0,0,3.125,0,0,6.25,71.875,0,21.875,0,0,0,0,0,0,0,"C","I",9,"2",31420.938495,103.125,4,2.35463415783572,1.86792452830189,21.875,75,6.25,"C_I"
"76",2022-05-27,"5","6","no","yes","no","no",0,0,0,0,0,0,3.125,3.125,0,53.125,0,0,0,0,0,0,0,"C","I",18,"3",28681.123006875,59.375,3,1.50600224291366,1.24054982817869,53.125,3.125,3.125,"C_I"
"76",2022-05-13,"5","6","no","yes","no","no",0,0,0,0,0,0,0,21.875,0,0,0,0,0,0,0,0,0,"C","I",4,"1",26846.747724,21.875,1,1,1,0,21.875,0,"C_I"
"77",2022-06-01,"5","2","yes","yes","no","no",50,0,9.375,0,0,0,3.125,9.375,0,25,0,3.125,0,0,0,3.125,0,"I","I",23,"4",30388.537994375,103.125,7,4.2561601949614,3.19354838709677,84.375,9.375,9.375,"I_I"
"77",2022-05-13,"5","2","yes","yes","no","no",3.125,0,0,0,0,0,6.25,6.25,3.125,9.375,0,0,0,3.125,0,0,0,"I","I",4,"1",26846.747724,31.25,6,5.45069178784675,5,15.625,6.25,6.25,"I_I"
"77",2022-05-27,"5","2","yes","yes","no","no",3.125,0,6.25,0,3.125,0,34.375,21.875,0,50,0,0,0,0,0,3.125,0,"I","I",18,"3",28681.123006875,121.875,7,4.32731812934617,3.51270207852194,62.5,21.875,37.5,"I_I"
"77",2022-05-18,"5","2","yes","yes","no","no",0,0,3.125,0,0,0,65.625,68.75,0,31.25,0,0,0,0,0,3.125,0,"I","I",9,"2",31420.938495,171.875,5,3.28645786208702,2.94547224926972,34.375,68.75,68.75,"I_I"
"78",2022-06-01,"5","9","no","yes","yes","no",81.25,0,6.25,9.375,0,0,15.625,50,0,18.75,0,0,15.625,0,0,0,0,"N","I",23,"4",30388.537994375,196.875,7,4.92312899230313,3.84966052376334,121.875,59.375,15.625,"N_I"
"78",2022-05-27,"5","9","no","yes","yes","no",9.375,0,0,0,3.125,0,0,12.5,0,9.375,0,0,0,0,0,0,0,"N","I",18,"3",28681.123006875,34.375,4,3.6493357540631,3.45714285714286,21.875,12.5,0,"N_I"
"78",2022-05-18,"5","9","no","yes","yes","no",0,0,3.125,0,0,0,0,103.125,0,6.25,0,0,0,0,0,0,0,"N","I",9,"2",31420.938495,112.5,3,1.40477736395913,1.18464351005484,9.375,103.125,0,"N_I"
"78",2022-05-13,"5","9","no","yes","yes","no",0,0,0,0,3.125,0,3.125,62.5,0,0,0,0,0,0,0,0,0,"N","I",4,"1",26846.747724,68.75,3,1.44433567793667,1.20398009950249,3.125,62.5,3.125,"N_I"
"79",2022-06-01,"5","8","yes","no","no","yes",3.125,0,3.125,0,0,0,0,53.125,0,9.375,0,0,0,0,0,0,0,"I","N",23,"4",30388.537994375,68.75,4,2.12109076108471,1.61333333333333,15.625,53.125,0,"I_N"
"79",2022-05-13,"5","8","yes","no","no","yes",3.125,0,0,0,0,0,0,6.25,0,3.125,0,0,0,0,0,0,0,"I","N",4,"1",26846.747724,12.5,3,2.82842712474619,2.66666666666667,6.25,6.25,0,"I_N"
"79",2022-05-27,"5","8","yes","no","no","yes",0,0,0,0,0,3.125,6.25,100,0,3.125,0,0,0,0,0,0,0,"I","N",18,"3",28681.123006875,112.5,3,1.41491127472515,1.19047619047619,3.125,100,6.25,"I_N"
"79",2022-05-18,"5","8","yes","no","no","yes",0,0,0,0,0,0,6.25,28.125,0,6.25,0,0,0,0,0,0,0,"I","N",9,"2",31420.938495,40.625,3,2.29450658622141,1.89887640449438,6.25,28.125,6.25,"I_N"
"80",2022-06-01,"5","15","yes","yes","yes","no",34.375,0,0,0,0,0,46.875,115.625,0,125,0,0,0,3.125,0,0,0,"NI","I",23,"4",30388.537994375,325,5,3.65731736709103,3.26176115802171,162.5,115.625,46.875,"NI_I"
"80",2022-05-13,"5","15","yes","yes","yes","no",3.125,0,0,0,0,0,0,9.375,0,28.125,0,0,0,0,0,0,0,"NI","I",4,"1",26846.747724,40.625,3,2.20398694527043,1.85714285714286,31.25,9.375,0,"NI_I"
"80",2022-05-27,"5","15","yes","yes","yes","no",46.875,0,112.5,3.125,0,0,62.5,75,0,59.375,0,0,0,0,0,0,0,"NI","I",18,"3",28681.123006875,359.375,6,4.94904928887307,4.62574326687653,218.75,78.125,62.5,"NI_I"
"80",2022-05-18,"5","15","yes","yes","yes","no",0,0,0,0,0,0,0,50,0,21.875,0,0,0,0,0,0,0,"NI","I",9,"2",31420.938495,71.875,2,1.84873814080198,1.7344262295082,21.875,50,0,"NI_I"
"81",2022-06-01,"6","16","yes","no","yes","no",9.375,0,0,0,0,0,0,25,0,31.25,0,0,0,0,0,0,0,"NI","C",23,"4",30388.537994375,65.625,3,2.71540340678739,2.54913294797688,40.625,25,0,"NI_C"
"81",2022-05-13,"6","16","yes","no","yes","no",3.125,0,0,0,3.125,0,6.25,21.875,0,0,0,0,0,0,0,0,0,"NI","C",4,"1",26846.747724,34.375,4,2.81106117444154,2.2,6.25,21.875,6.25,"NI_C"
"81",2022-05-27,"6","16","yes","no","yes","no",21.875,0,9.375,0,0,0,0,137.5,0,15.625,0,0,0,0,0,0,0,"NI","C",18,"3",28681.123006875,184.375,4,2.29860987820693,1.72412085190688,46.875,137.5,0,"NI_C"
"81",2022-05-18,"6","16","yes","no","yes","no",0,0,0,0,0,0,6.25,50,0,0,0,0,0,0,0,0,0,"NI","C",9,"2",31420.938495,56.25,2,1.41741118113173,1.24615384615385,0,50,6.25,"NI_C"
"82",2022-06-01,"6","6","no","yes","no","no",40.625,0,15.625,3.125,0,0,34.375,109.375,0,43.75,0,0,0,0,0,0,0,"C","I",23,"4",30388.537994375,246.875,6,4.34395410452426,3.5929763960852,100,112.5,34.375,"C_I"
"82",2022-05-18,"6","6","no","yes","no","no",9.375,0,0,0,0,0,53.125,65.625,0,9.375,0,0,0,3.125,0,0,0,"C","I",9,"2",31420.938495,140.625,5,3.21902549545782,2.70360480640854,21.875,65.625,53.125,"C_I"
"82",2022-05-27,"6","6","no","yes","no","no",12.5,0,6.25,0,0,0,0,28.125,0,15.625,0,0,0,0,0,0,0,"C","I",18,"3",28681.123006875,62.5,4,3.51854708818852,3.17460317460317,34.375,28.125,0,"C_I"
"82",2022-05-13,"6","6","no","yes","no","no",0,0,0,0,0,0,3.125,21.875,0,0,0,0,0,0,0,0,0,"C","I",4,"1",26846.747724,25,2,1.45756926498109,1.28,0,21.875,3.125,"C_I"
"83",2022-06-01,"6","9","no","yes","yes","no",25,0,0,0,0,0,34.375,12.5,0,37.5,0,0,0,0,0,0,0,"N","I",23,"4",30388.537994375,109.375,4,3.7285569182148,3.55072463768116,62.5,12.5,34.375,"N_I"
"83",2022-05-13,"6","9","no","yes","yes","no",0,0,0,0,3.125,3.125,0,21.875,0,40.625,0,0,0,0,0,0,0,"N","I",4,"1",26846.747724,68.75,3,2.24355111250057,2.01369863013699,43.75,21.875,0,"N_I"
"83",2022-05-27,"6","9","no","yes","yes","no",0,0,0,0,0,0,3.125,9.375,0,31.25,0,0,0,0,0,0,0,"N","I",18,"3",28681.123006875,43.75,3,2.1360039551582,1.78181818181818,31.25,9.375,3.125,"N_I"
"83",2022-05-18,"6","9","no","yes","yes","no",0,0,0,0,0,0,0,37.5,0,12.5,0,0,0,3.125,0,0,0,"N","I",9,"2",31420.938495,53.125,3,2.12330679576051,1.79503105590062,15.625,37.5,0,"N_I"
"84",2022-06-01,"6","7","no","no","no","yes",0,0,0,3.125,0,0,9.375,28.125,0,15.625,0,0,0,0,0,0,0,"C","N",23,"4",30388.537994375,56.25,4,3.19501356759616,2.79310344827586,15.625,31.25,9.375,"C_N"
"84",2022-05-13,"6","7","no","no","no","yes",0,0,0,0,3.125,0,3.125,56.25,0,3.125,0,0,0,0,0,0,0,"C","N",4,"1",26846.747724,65.625,4,1.76307762226097,1.34862385321101,6.25,56.25,3.125,"C_N"
"84",2022-05-18,"6","7","no","no","no","yes",0,0,0,0,0,0,6.25,28.125,0,3.125,0,0,0,0,0,0,0,"C","N",9,"2",31420.938495,37.5,3,2.05744245895607,1.67441860465116,3.125,28.125,6.25,"C_N"
"84",2022-05-27,"6","7","no","no","no","yes",0,0,0,0,0,0,6.25,46.875,0,6.25,0,0,0,0,0,0,0,"C","N",18,"3",28681.123006875,59.375,3,1.93591268604133,1.54935622317597,6.25,46.875,6.25,"C_N"
"85",2022-05-13,"6","13","no","yes","no","yes",0,0,0,0,3.125,0,0,25,0,3.125,0,0,0,0,0,0,0,"C","NI",4,"1",26846.747724,31.25,3,1.894645708138,1.51515151515151,6.25,25,0,"C_NI"
"85",2022-05-18,"6","13","no","yes","no","yes",0,0,0,0,0,3.125,0,28.125,0,0,0,0,0,0,0,0,0,"C","NI",9,"2",31420.938495,31.25,1,1,1,0,28.125,0,"C_NI"
"85",2022-06-01,"6","13","no","yes","no","yes",0,0,0,0,0,0,3.125,6.25,0,12.5,0,0,0,0,0,0,0,"C","NI",23,"4",30388.537994375,21.875,3,2.60049000598966,2.33333333333333,12.5,6.25,3.125,"C_NI"
"85",2022-05-27,"6","13","no","yes","no","yes",0,0,0,0,0,0,0,12.5,0,0,0,0,0,0,0,0,0,"C","NI",18,"3",28681.123006875,12.5,1,1,1,0,12.5,0,"C_NI"
"86",2022-06-01,"6","8","yes","no","no","yes",15.625,0,0,0,0,0,0,90.625,0,3.125,0,0,0,0,0,0,0,"I","N",23,"4",30388.537994375,109.375,3,1.70810273599702,1.41291810841984,18.75,90.625,0,"I_N"
"86",2022-05-13,"6","8","yes","no","no","yes",3.125,0,0,0,0,0,0,12.5,0,0,0,0,0,0,0,0,0,"I","N",4,"1",26846.747724,15.625,2,1.64938488846612,1.47058823529412,3.125,12.5,0,"I_N"
"86",2022-05-27,"6","8","yes","no","no","yes",3.125,0,0,0,0,0,0,137.5,0,6.25,0,0,0,0,0,0,0,"I","N",18,"3",28681.123006875,146.875,3,1.32049459853002,1.13807315816589,9.375,137.5,0,"I_N"
"86",2022-05-18,"6","8","yes","no","no","yes",0,0,0,0,0,0,0,43.75,0,0,0,0,0,0,0,0,0,"I","N",9,"2",31420.938495,43.75,1,1,1,0,43.75,0,"I_N"
"87",2022-06-01,"6","12","yes","yes","no","yes",15.625,0,9.375,0,0,0,0,15.625,0,3.125,0,303.125,0,0,0,53.125,0,"I","NI",23,"4",30388.537994375,400,6,2.3572245547476,1.67903258864521,28.125,15.625,356.25,"I_NI"
"87",2022-05-13,"6","12","yes","yes","no","yes",3.125,0,0,0,0,0,3.125,3.125,0,31.25,0,0,0,0,0,3.125,0,"I","NI",4,"1",26846.747724,43.75,5,2.70297682043655,1.88461538461538,34.375,3.125,6.25,"I_NI"
"87",2022-05-27,"6","12","yes","yes","no","yes",0,0,3.125,0,0,0,0,6.25,0,75,0,28.125,0,0,0,3.125,0,"I","NI",18,"3",28681.123006875,115.625,5,2.65793669377215,2.06485671191554,78.125,6.25,31.25,"I_NI"
"87",2022-05-18,"6","12","yes","yes","no","yes",0,0,0,0,0,0,3.125,0,0,28.125,0,3.125,0,0,0,0,0,"I","NI",9,"2",31420.938495,34.375,3,1.82242143054562,1.4578313253012,28.125,0,6.25,"I_NI"
"88",2022-06-01,"6","4","yes","no","no","no",37.5,0,0,0,0,3.125,12.5,343.75,0,25,0,6.25,0,0,0,0,0,"I","C",23,"4",30388.537994375,428.125,5,2.05084622797048,1.50032446463335,62.5,343.75,18.75,"I_C"
"88",2022-05-18,"6","4","yes","no","no","no",3.125,0,0,0,0,0,0,68.75,0,28.125,0,0,0,0,0,0,0,"I","C",9,"2",31420.938495,100,3,2.05993577213477,1.80918727915194,31.25,68.75,0,"I_C"
"88",2022-05-27,"6","4","yes","no","no","no",6.25,0,9.375,0,0,3.125,6.25,153.125,0,28.125,0,0,0,0,0,0,0,"I","C",18,"3",28681.123006875,206.25,5,2.32323826822225,1.6906762705082,43.75,153.125,6.25,"I_C"
"88",2022-05-13,"6","4","yes","no","no","no",0,0,3.125,0,0,0,0,12.5,0,31.25,0,0,0,3.125,0,0,0,"I","C",4,"1",26846.747724,50,4,2.68290308480133,2.16949152542373,37.5,12.5,0,"I_C"
"89",2022-05-27,"6","15","yes","yes","yes","no",6.25,0,0,0,0,0,0,9.375,0,37.5,0,0,0,3.125,0,0,0,"NI","I",18,"3",28681.123006875,56.25,4,2.64758769910591,2.0506329113924,46.875,9.375,0,"NI_I"
"89",2022-06-01,"6","15","yes","yes","yes","no",0,0,0,0,0,3.125,3.125,21.875,0,40.625,0,3.125,0,0,0,0,0,"NI","I",23,"4",30388.537994375,71.875,4,2.60188798885492,2.2,40.625,21.875,6.25,"NI_I"
"89",2022-05-18,"6","15","yes","yes","yes","no",0,0,0,0,0,3.125,0,12.5,0,62.5,0,0,0,0,0,0,0,"NI","I",9,"2",31420.938495,78.125,2,1.5691925832142,1.38461538461538,62.5,12.5,0,"NI_I"
"89",2022-05-13,"6","15","yes","yes","yes","no",0,0,0,0,0,0,0,12.5,0,3.125,3.125,0,0,0,0,0,0,"NI","I",4,"1",26846.747724,18.75,3,2.3811015779523,2,3.125,12.5,0,"NI_I"
"90",2022-06-01,"6","2","yes","yes","no","no",9.375,0,9.375,0,0,0,6.25,18.75,0,50,0,0,0,0,0,0,0,"I","I",23,"4",30388.537994375,93.75,5,3.6626950644794,2.86624203821656,68.75,18.75,6.25,"I_I"
"90",2022-05-27,"6","2","yes","yes","no","no",9.375,0,0,0,0,0,3.125,21.875,0,59.375,0,0,0,0,0,0,0,"I","I",18,"3",28681.123006875,93.75,4,2.64449229487207,2.14285714285714,68.75,21.875,3.125,"I_I"
"90",2022-05-18,"6","2","yes","yes","no","no",0,0,0,0,0,0,0,78.125,0,18.75,0,0,0,0,3.125,0,0,"I","I",9,"2",31420.938495,100,3,1.84971997753899,1.54682779456193,18.75,78.125,3.125,"I_I"
"90",2022-05-13,"6","2","yes","yes","no","no",0,0,0,0,0,0,0,6.25,0,9.375,0,0,0,3.125,0,0,0,"I","I",4,"1",26846.747724,18.75,3,2.7494592739972,2.57142857142857,12.5,6.25,0,"I_I"
"91",2022-06-01,"6","5","no","no","yes","no",3.125,0,3.125,0,0,0,15.625,0,0,43.75,0,0,0,0,0,0,0,"N","C",23,"4",30388.537994375,65.625,4,2.4644074216203,1.97757847533632,50,0,15.625,"N_C"
"91",2022-05-18,"6","5","no","no","yes","no",3.125,0,3.125,0,3.125,0,159.375,46.875,0,0,0,0,0,0,0,0,0,"N","C",9,"2",31420.938495,215.625,5,2.09440174581261,1.68292682926829,9.375,46.875,159.375,"N_C"
"91",2022-05-27,"6","5","no","no","yes","no",6.25,0,3.125,0,0,0,15.625,31.25,0,15.625,0,0,0,0,0,0,0,"N","C",18,"3",28681.123006875,71.875,5,3.95247110881447,3.41290322580645,25,31.25,15.625,"N_C"
"91",2022-05-13,"6","5","no","no","yes","no",0,0,3.125,0,3.125,0,0,50,0,0,0,0,0,3.125,0,0,0,"N","C",4,"1",26846.747724,59.375,4,1.83974582519165,1.39382239382239,9.375,50,0,"N_C"
"92",2022-06-01,"6","11","no","yes","yes","yes",9.375,0,3.125,0,0,0,81.25,34.375,0,40.625,0,0,0,0,0,0,0,"N","NI",23,"4",30388.537994375,168.75,5,3.50184133598282,2.98770491803279,53.125,34.375,81.25,"N_NI"
"92",2022-05-13,"6","11","no","yes","yes","yes",0,0,0,0,3.125,0,0,50,0,3.125,0,0,0,0,0,0,0,"N","NI",4,"1",26846.747724,56.25,3,1.53088875019617,1.25581395348837,6.25,50,0,"N_NI"
"92",2022-05-18,"6","11","no","yes","yes","yes",0,0,0,0,0,3.125,9.375,84.375,0,0,0,0,0,0,0,0,0,"N","NI",9,"2",31420.938495,96.875,2,1.38414548846169,1.21951219512195,0,84.375,9.375,"N_NI"
"92",2022-05-27,"6","11","no","yes","yes","yes",0,0,0,0,0,0,6.25,12.5,0,31.25,0,0,0,0,0,0,0,"N","NI",18,"3",28681.123006875,50,3,2.4602329762891,2.13333333333333,31.25,12.5,6.25,"N_NI"
"93",2022-06-01,"6","10","yes","yes","yes","yes",9.375,0,6.25,0,0,0,15.625,150,0,3.125,0,0,0,0,0,0,0,"NI","NI",23,"4",30388.537994375,184.375,5,2.03874530933688,1.48570209133589,18.75,150,15.625,"NI_NI"
"93",2022-05-13,"6","10","yes","yes","yes","yes",3.125,0,0,0,0,0,0,9.375,0,50,0,0,0,0,0,0,0,"NI","NI",4,"1",26846.747724,62.5,3,1.8457200132751,1.50375939849624,53.125,9.375,0,"NI_NI"
"93",2022-05-18,"6","10","yes","yes","yes","yes",3.125,0,12.5,0,0,0,109.375,78.125,0,71.875,0,0,0,0,0,0,0,"NI","NI",9,"2",31420.938495,275,5,3.54772664592143,3.23205342237062,87.5,78.125,109.375,"NI_NI"
"93",2022-05-27,"6","10","yes","yes","yes","yes",25,0,9.375,0,0,0,15.625,81.25,0,25,0,0,0,0,0,0,0,"NI","NI",18,"3",28681.123006875,156.25,5,3.76418354476642,2.98329355608592,59.375,81.25,15.625,"NI_NI"
"94",2022-06-01,"6","1","no","no","no","no",28.125,0,0,0,12.5,0,6.25,31.25,0,59.375,0,0,0,0,0,0,0,"C","C",23,"4",30388.537994375,137.5,5,3.98463933922642,3.44483985765125,100,31.25,6.25,"C_C"
"94",2022-05-27,"6","1","no","no","no","no",3.125,0,0,0,3.125,0,0,40.625,0,31.25,0,0,0,0,0,0,0,"C","C",18,"3",28681.123006875,78.125,4,2.62234281337809,2.30627306273063,37.5,40.625,0,"C_C"
"94",2022-05-13,"6","1","no","no","no","no",0,0,0,0,3.125,0,0,18.75,0,0,0,0,0,0,0,0,0,"C","C",4,"1",26846.747724,21.875,2,1.50699306577254,1.32432432432432,3.125,18.75,0,"C_C"
"94",2022-05-18,"6","1","no","no","no","no",0,0,0,0,0,0,15.625,21.875,0,15.625,0,0,0,0,0,0,0,"C","C",9,"2",31420.938495,53.125,3,2.96011476656409,2.91919191919192,15.625,21.875,15.625,"C_C"
"95",2022-06-01,"6","3","no","no","yes","yes",21.875,0,18.75,0,6.25,0,15.625,71.875,0,56.25,0,0,0,0,0,0,0,"N","N",23,"4",30388.537994375,190.625,6,4.57933905896643,3.84798345398139,103.125,71.875,15.625,"N_N"
"95",2022-05-18,"6","3","no","no","yes","yes",6.25,0,0,0,3.125,0,3.125,46.875,0,0,0,0,0,0,0,0,0,"N","N",9,"2",31420.938495,59.375,4,2.08244305211888,1.56277056277056,9.375,46.875,3.125,"N_N"
"95",2022-05-27,"6","3","no","no","yes","yes",21.875,0,28.125,0,3.125,0,3.125,31.25,0,46.875,0,0,0,9.375,0,3.125,0,"N","N",18,"3",28681.123006875,146.875,8,5.55822500379728,4.73019271948608,109.375,31.25,6.25,"N_N"
"95",2022-05-13,"6","3","no","no","yes","yes",0,0,0,0,9.375,0,6.25,50,0,0,0,3.125,0,0,0,0,0,"N","N",4,"1",26846.747724,68.75,4,2.36739488288052,1.79259259259259,9.375,50,9.375,"N_N"
"96",2022-05-13,"6","14","yes","no","yes","yes",3.125,0,0,0,3.125,0,0,3.125,0,25,0,0,0,3.125,0,0,0,"NI","N",4,"1",26846.747724,37.5,5,3,2.11764705882353,34.375,3.125,0,"NI_N"
"96",2022-05-27,"6","14","yes","no","yes","yes",21.875,0,12.5,0,0,0,6.25,171.875,0,59.375,0,0,0,3.125,0,0,0,"NI","N",18,"3",28681.123006875,275,6,3.01460074373102,2.24074074074074,96.875,171.875,6.25,"NI_N"
"96",2022-06-01,"6","14","yes","no","yes","yes",0,0,3.125,0,0,3.125,25,28.125,0,46.875,0,0,0,0,0,0,0,"NI","N",23,"4",30388.537994375,106.25,4,3.19704052173111,2.93530997304582,50,28.125,25,"NI_N"
"96",2022-05-18,"6","14","yes","no","yes","yes",0,0,6.25,0,0,3.125,0,59.375,0,25,0,0,0,0,0,0,0,"NI","N",9,"2",31420.938495,93.75,3,2.26310629623034,1.96037296037296,31.25,59.375,0,"NI_N"
"97",2022-06-01,"7","4","yes","no","no","no",12.5,0,12.5,0,0,0,15.625,143.75,0,37.5,0,0,0,0,0,0,0,"I","C",23,"4",30388.537994375,221.875,5,2.98209044511779,2.17565817867933,62.5,143.75,15.625,"I_C"
"97",2022-05-27,"7","4","yes","no","no","no",18.75,0,0,0,0,0,21.875,215.625,0,6.25,0,3.125,0,0,0,0,0,"I","C",18,"3",28681.123006875,265.625,5,2.01882392526009,1.48938363224078,25,215.625,25,"I_C"
"97",2022-05-13,"7","4","yes","no","no","no",0,0,0,0,0,0,3.125,9.375,0,0,0,0,0,3.125,0,0,0,"I","C",4,"1",26846.747724,15.625,3,2.58640928985893,2.27272727272727,3.125,9.375,3.125,"I_C"
"97",2022-05-18,"7","4","yes","no","no","no",0,0,0,0,0,0,6.25,56.25,0,3.125,0,0,0,0,0,0,0,"I","C",9,"2",31420.938495,65.625,3,1.65044824352141,1.34042553191489,3.125,56.25,6.25,"I_C"
"98",2022-06-01,"7","5","no","no","yes","no",40.625,0,9.375,0,0,0,9.375,46.875,0,62.5,0,12.5,0,3.125,0,0,0,"N","C",23,"4",30388.537994375,184.375,7,4.96632417601636,4.19903498190591,115.625,46.875,21.875,"N_C"
"98",2022-05-18,"7","5","no","no","yes","no",3.125,0,0,0,0,0,12.5,53.125,0,50,0,0,0,0,3.125,0,0,"N","C",9,"2",31420.938495,121.875,5,3.1547677524996,2.70159857904085,53.125,53.125,15.625,"N_C"
"98",2022-05-27,"7","5","no","no","yes","no",12.5,0,3.125,0,0,0,9.375,106.25,0,37.5,0,0,0,3.125,0,0,0,"N","C",18,"3",28681.123006875,171.875,6,3.0786588349723,2.27957799547852,56.25,106.25,9.375,"N_C"
"98",2022-05-13,"7","5","no","no","yes","no",0,0,0,0,3.125,0,15.625,28.125,0,9.375,0,0,0,0,0,0,0,"N","C",4,"1",26846.747724,56.25,4,3.19501356759616,2.79310344827586,12.5,28.125,15.625,"N_C"
"99",2022-06-01,"7","1","no","no","no","no",6.25,0,0,0,0,0,18.75,62.5,0,3.125,0,0,0,6.25,0,0,0,"C","C",23,"4",30388.537994375,96.875,5,2.90091499923468,2.15955056179775,15.625,62.5,18.75,"C_C"
"99",2022-05-27,"7","1","no","no","no","no",9.375,0,3.125,9.375,3.125,0,25,118.75,0,0,0,0,0,0,0,0,0,"C","C",18,"3",28681.123006875,168.75,6,2.71574888500922,1.90837696335079,15.625,128.125,25,"C_C"
"99",2022-05-13,"7","1","no","no","no","no",0,0,0,3.125,34.375,0,3.125,31.25,0,0,0,0,0,0,0,0,0,"C","C",4,"1",26846.747724,71.875,4,2.68465112355869,2.37219730941704,34.375,34.375,3.125,"C_C"
"99",2022-05-18,"7","1","no","no","no","no",0,0,0,3.125,0,0,25,100,0,0,0,0,0,0,0,0,0,"C","C",9,"2",31420.938495,128.125,3,1.8273425785106,1.54361799816345,0,103.125,25,"C_C"
"100",2022-06-01,"7","6","no","yes","no","no",21.875,0,12.5,6.25,0,0,296.875,9.375,0,0,0,18.75,0,0,0,0,0,"C","I",23,"4",30388.537994375,365.625,6,2.15730901058114,1.49786628733997,34.375,15.625,315.625,"C_I"
"100",2022-05-27,"7","6","no","yes","no","no",34.375,0,6.25,3.125,0,0,321.875,46.875,0,9.375,0,25,0,0,0,3.125,0,"C","I",18,"3",28681.123006875,450,8,2.83316425917523,1.87928221859706,50,50,350,"C_I"
"100",2022-05-13,"7","6","no","yes","no","no",0,0,0,6.25,3.125,0,65.625,165.625,0,0,0,15.625,0,0,0,0,0,"C","I",4,"1",26846.747724,256.25,5,2.57491803919373,2.05,3.125,171.875,81.25,"C_I"
"100",2022-05-18,"7","6","no","yes","no","no",0,0,0,3.125,0,0,112.5,246.875,0,0,0,21.875,0,0,0,3.125,0,"C","I",9,"2",31420.938495,387.5,5,2.42612225112988,2.02635740643121,0,250,137.5,"C_I"
"101",2022-06-01,"7","8","yes","no","no","yes",3.125,0,6.25,0,0,0,3.125,43.75,0,78.125,0,0,0,0,0,0,0,"I","N",23,"4",30388.537994375,134.375,5,2.71364652367744,2.23579201934704,87.5,43.75,3.125,"I_N"
"101",2022-05-18,"7","8","yes","no","no","yes",3.125,0,0,0,0,0,0,34.375,0,12.5,0,0,0,0,0,0,0,"I","N",9,"2",31420.938495,50,3,2.17594299589457,1.85507246376812,15.625,34.375,0,"I_N"
"101",2022-05-27,"7","8","yes","no","no","yes",0,0,18.75,0,0,0,9.375,96.875,0,50,0,3.125,0,0,0,0,0,"I","N",18,"3",28681.123006875,178.125,5,3.16054889626849,2.57244655581948,68.75,96.875,12.5,"I_N"
"101",2022-05-13,"7","8","yes","no","no","yes",0,0,0,0,0,0,0,9.375,0,0,0,0,0,3.125,0,0,0,"I","N",4,"1",26846.747724,12.5,2,1.75476535060332,1.6,3.125,9.375,0,"I_N"
"102",2022-06-01,"7","2","yes","yes","no","no",15.625,0,9.375,3.125,0,0,21.875,240.625,0,9.375,0,0,0,0,0,0,0,"I","I",23,"4",30388.537994375,300,6,2.19433012636596,1.53038857522418,34.375,243.75,21.875,"I_I"
"102",2022-05-27,"7","2","yes","yes","no","no",9.375,0,6.25,0,0,0,3.125,68.75,3.125,31.25,0,0,0,3.125,0,3.125,0,"I","I",18,"3",28681.123006875,128.125,8,3.97156203949877,2.79700499168053,50,68.75,6.25,"I_I"
"102",2022-05-13,"7","2","yes","yes","no","no",0,0,6.25,0,3.125,0,15.625,6.25,0,59.375,0,0,0,0,0,0,0,"I","I",4,"1",26846.747724,90.625,5,2.90108508377602,2.12911392405063,68.75,6.25,15.625,"I_I"
"102",2022-05-18,"7","2","yes","yes","no","no",0,0,3.125,0,0,0,15.625,137.5,0,28.125,0,3.125,0,0,0,0,0,"I","I",9,"2",31420.938495,187.5,5,2.35271187310586,1.76125244618395,31.25,137.5,18.75,"I_I"
"103",2022-06-01,"7","10","yes","yes","yes","yes",25,0,9.375,0,0,6.25,81.25,46.875,0,18.75,0,0,0,0,0,0,0,"NI","NI",23,"4",30388.537994375,187.5,5,3.93755684643645,3.33069306930693,53.125,46.875,81.25,"NI_NI"
"103",2022-05-27,"7","10","yes","yes","yes","yes",9.375,0,0,0,0,0,65.625,28.125,0,40.625,0,6.25,0,0,0,0,3.125,"NI","NI",18,"3",28681.123006875,153.125,6,4.08533053637356,3.40567375886525,50,28.125,75,"NI_NI"
"103",2022-05-13,"7","10","yes","yes","yes","yes",0,0,0,0,0,0,18.75,18.75,0,0,0,0,0,0,0,0,0,"NI","NI",4,"1",26846.747724,37.5,2,2,2,0,18.75,18.75,"NI_NI"
"103",2022-05-18,"7","10","yes","yes","yes","yes",0,0,0,0,0,0,25,46.875,0,3.125,0,0,0,0,0,0,0,"NI","NI",9,"2",31420.938495,75,3,2.20863631734251,1.98620689655172,3.125,46.875,25,"NI_NI"
"104",2022-06-01,"7","9","no","yes","yes","no",15.625,0,6.25,6.25,0,6.25,15.625,59.375,0,12.5,0,0,0,0,0,0,0,"N","I",23,"4",30388.537994375,121.875,6,4.21698744091852,3.14712643678161,34.375,65.625,15.625,"N_I"
"104",2022-05-13,"7","9","no","yes","yes","no",3.125,0,0,0,0,0,9.375,34.375,0,0,0,0,0,0,0,0,0,"N","I",4,"1",26846.747724,46.875,3,2.07481337521643,1.7175572519084,3.125,34.375,9.375,"N_I"
"104",2022-05-27,"7","9","no","yes","yes","no",25,3.125,37.5,3.125,6.25,0,3.125,71.875,0,12.5,0,0,0,0,0,0,0,"N","I",18,"3",28681.123006875,162.5,8,4.65405505084519,3.55789473684211,81.25,78.125,3.125,"N_I"
"104",2022-05-18,"7","9","no","yes","yes","no",0,0,3.125,0,0,0,9.375,190.625,0,0,0,0,0,3.125,0,0,0,"N","I",9,"2",31420.938495,206.25,4,1.40533230921801,1.16720257234727,6.25,190.625,9.375,"N_I"
"105",2022-06-01,"7","14","yes","no","yes","yes",53.125,0,31.25,6.25,0,3.125,53.125,75,0,6.25,0,0,0,3.125,0,0,0,"NI","N",23,"4",30388.537994375,231.25,7,4.81934354597101,4.21931908155186,93.75,81.25,53.125,"NI_N"
"105",2022-05-13,"7","14","yes","no","yes","yes",3.125,0,0,0,0,0,0,3.125,0,0,0,0,0,0,0,0,0,"NI","N",4,"1",26846.747724,6.25,2,2,2,3.125,3.125,0,"NI_N"
"105",2022-05-18,"7","14","yes","no","yes","yes",6.25,0,3.125,0,0,0,6.25,131.25,0,0,0,0,0,0,0,0,0,"NI","N",9,"2",31420.938495,146.875,4,1.57005580214215,1.24591088550479,9.375,131.25,6.25,"NI_N"
"105",2022-05-27,"7","14","yes","no","yes","yes",12.5,0,21.875,0,0,0,31.25,218.75,0,0,0,0,0,3.125,0,0,0,"NI","N",18,"3",28681.123006875,287.5,5,2.29475208165047,1.67074615080932,37.5,218.75,31.25,"NI_N"
"106",2022-06-01,"7","15","yes","yes","yes","no",9.375,0,3.125,0,0,0,6.25,168.75,0,18.75,0,9.375,0,0,0,0,0,"NI","I",23,"4",30388.537994375,215.625,6,2.31837151429418,1.60033613445378,31.25,168.75,15.625,"NI_I"
"106",2022-05-27,"7","15","yes","yes","yes","no",37.5,0,15.625,0,0,0,9.375,90.625,0,0,0,3.125,0,0,0,0,0,"NI","I",18,"3",28681.123006875,156.25,5,3.11351807140736,2.45098039215686,53.125,90.625,12.5,"NI_I"
"106",2022-05-18,"7","15","yes","yes","yes","no",0,0,0,0,0,0,6.25,256.25,0,0,0,0,0,0,0,0,0,"NI","I",9,"2",31420.938495,262.5,2,1.11909008848607,1.0487514863258,0,256.25,6.25,"NI_I"
"106",2022-05-13,"7","15","yes","yes","yes","no",0,0,0,0,0,0,0,9.375,0,3.125,0,0,0,0,0,0,0,"NI","I",4,"1",26846.747724,12.5,2,1.75476535060332,1.6,3.125,9.375,0,"NI_I"
"107",2022-06-01,"7","16","yes","no","yes","no",25,0,9.375,0,0,6.25,3.125,190.625,0,25,0,0,0,0,0,0,0,"NI","C",23,"4",30388.537994375,259.375,5,2.33301785312993,1.70018139414356,59.375,190.625,3.125,"NI_C"
"107",2022-05-27,"7","16","yes","no","yes","no",6.25,0,15.625,0,3.125,0,6.25,268.75,0,12.5,0,0,0,0,0,0,0,"NI","C",18,"3",28681.123006875,312.5,6,1.84187109414493,1.3430029546065,37.5,268.75,6.25,"NI_C"
"107",2022-05-13,"7","16","yes","no","yes","no",0,0,0,0,3.125,0,0,12.5,0,3.125,0,0,0,0,0,0,0,"NI","C",4,"1",26846.747724,18.75,3,2.3811015779523,2,6.25,12.5,0,"NI_C"
"107",2022-05-18,"7","16","yes","no","yes","no",0,0,0,0,0,0,37.5,81.25,0,25,0,0,0,3.125,0,0,0,"NI","C",9,"2",31420.938495,146.875,4,2.88465289171618,2.49604519774011,28.125,81.25,37.5,"NI_C"
"108",2022-06-01,"7","12","yes","yes","no","yes",37.5,0,9.375,0,0,9.375,46.875,90.625,0,3.125,0,0,0,0,0,0,0,"I","NI",23,"4",30388.537994375,196.875,5,3.44834273763858,2.95081967213115,50,90.625,46.875,"I_NI"
"108",2022-05-18,"7","12","yes","yes","no","yes",3.125,0,9.375,3.125,3.125,18.75,93.75,96.875,0,65.625,0,12.5,0,0,0,0,0,"I","NI",9,"2",31420.938495,306.25,8,4.32561691505919,3.63261802575107,81.25,100,106.25,"I_NI"
"108",2022-05-13,"7","12","yes","yes","no","yes",0,0,12.5,3.125,0,12.5,46.875,21.875,0,75,0,0,0,0,0,0,0,"I","NI",4,"1",26846.747724,171.875,5,3.539448271651,3,87.5,25,46.875,"I_NI"
"108",2022-05-27,"7","12","yes","yes","no","yes",0,0,3.125,0,0,3.125,34.375,96.875,0,12.5,0,0,0,0,0,0,0,"I","NI",18,"3",28681.123006875,150,4,2.47436868607658,2.01000909918107,15.625,96.875,34.375,"I_NI"
"109",2022-06-01,"7","11","no","yes","yes","yes",3.125,0,0,0,0,0,125,15.625,0,12.5,0,0,0,0,0,0,0,"N","NI",23,"4",30388.537994375,156.25,4,1.99186642661902,1.52253349573691,15.625,15.625,125,"N_NI"
"109",2022-05-27,"7","11","no","yes","yes","yes",34.375,0,0,6.25,0,3.125,678.125,31.25,0,3.125,0,3.125,0,0,0,0,0,"N","NI",18,"3",28681.123006875,759.375,6,1.57608357445042,1.23772085552456,37.5,37.5,681.25,"N_NI"
"109",2022-05-13,"7","11","no","yes","yes","yes",0,0,0,0,3.125,0,0,15.625,0,0,0,0,0,0,0,0,0,"N","NI",4,"1",26846.747724,18.75,2,1.5691925832142,1.38461538461538,3.125,15.625,0,"N_NI"
"109",2022-05-18,"7","11","no","yes","yes","yes",0,0,0,0,3.125,0,28.125,31.25,0,3.125,0,0,0,0,0,0,0,"N","NI",9,"2",31420.938495,65.625,4,2.73569541823889,2.40983606557377,6.25,31.25,28.125,"N_NI"
"110",2022-06-01,"7","7","no","no","no","yes",3.125,0,3.125,0,0,0,81.25,37.5,0,43.75,0,0,0,0,0,0,0,"C","N",23,"4",30388.537994375,168.75,5,3.26699098263387,2.86444007858546,50,37.5,81.25,"C_N"
"110",2022-05-13,"7","7","no","no","no","yes",3.125,0,0,0,6.25,0,0,25,0,0,0,6.25,0,0,0,0,0,"C","N",4,"1",26846.747724,40.625,4,2.92126566288551,2.31506849315068,9.375,25,6.25,"C_N"
"110",2022-05-18,"7","7","no","no","no","yes",3.125,0,3.125,0,0,3.125,37.5,96.875,0,0,0,0,0,0,0,0,0,"C","N",9,"2",31420.938495,143.75,4,2.17795222005301,1.82926829268293,6.25,96.875,37.5,"C_N"
"110",2022-05-27,"7","7","no","no","no","yes",6.25,0,0,0,0,0,9.375,28.125,0,21.875,0,0,0,0,0,0,0,"C","N",18,"3",28681.123006875,65.625,4,3.42554100021429,3.08391608391608,28.125,28.125,9.375,"C_N"
"111",2022-06-01,"7","3","no","no","yes","yes",37.5,0,6.25,0,0,0,40.625,59.375,0,28.125,0,0,0,0,0,0,0,"N","N",23,"4",30388.537994375,171.875,5,4.29301788808534,3.98550724637681,71.875,59.375,40.625,"N_N"
"111",2022-05-27,"7","3","no","no","yes","yes",15.625,0,0,3.125,0,0,59.375,115.625,0,43.75,0,0,0,0,0,3.125,0,"N","N",18,"3",28681.123006875,240.625,6,3.66123888591904,3.03584229390681,59.375,118.75,62.5,"N_N"
"111",2022-05-18,"7","3","no","no","yes","yes",0,0,0,0,0,0,25,171.875,0,9.375,0,0,0,0,0,3.125,0,"N","N",9,"2",31420.938495,209.375,4,1.85448611093986,1.4485317844466,9.375,171.875,28.125,"N_N"
"111",2022-05-13,"7","3","no","no","yes","yes",0,0,0,0,0,0,3.125,56.25,3.125,3.125,0,0,0,0,0,0,0,"N","N",4,"1",26846.747724,65.625,4,1.76307762226097,1.34862385321101,3.125,56.25,3.125,"N_N"
"112",2022-06-01,"7","13","no","yes","no","yes",9.375,0,3.125,0,0,0,12.5,28.125,0,34.375,0,0,0,0,0,0,0,"C","NI",23,"4",30388.537994375,87.5,5,3.92816720222176,3.43859649122807,46.875,28.125,12.5,"C_NI"
"112",2022-05-18,"7","13","no","yes","no","yes",3.125,0,0,0,0,0,6.25,131.25,0,6.25,0,0,0,0,0,0,0,"C","NI",9,"2",31420.938495,146.875,4,1.57005580214215,1.24591088550479,9.375,131.25,6.25,"C_NI"
"112",2022-05-27,"7","13","no","yes","no","yes",12.5,0,6.25,0,0,0,3.125,18.75,0,50,0,0,0,0,0,0,0,"C","NI",18,"3",28681.123006875,90.625,5,3.41393840563951,2.68690095846645,68.75,18.75,3.125,"C_NI"
"112",2022-05-13,"7","13","no","yes","no","yes",0,0,0,3.125,0,0,9.375,28.125,0,6.25,3.125,0,0,3.125,0,0,0,"C","NI",4,"1",26846.747724,53.125,6,4.03318876202053,2.97938144329897,9.375,31.25,9.375,"C_NI"
"113",2022-06-01,"8","13","no","yes","no","yes",9.375,0,0,3.125,0,3.125,31.25,28.125,0,37.5,0,0,0,0,0,0,0,"C","NI",23,"4",30388.537994375,112.5,5,4.00014751397787,3.65671641791045,46.875,31.25,31.25,"C_NI"
"113",2022-05-13,"8","13","no","yes","no","yes",3.125,0,0,0,0,0,15.625,21.875,0,0,0,0,0,0,0,0,0,"C","NI",4,"1",26846.747724,40.625,3,2.45502514409486,2.25333333333333,3.125,21.875,15.625,"C_NI"
"113",2022-05-27,"8","13","no","yes","no","yes",9.375,0,6.25,0,0,0,21.875,31.25,0,12.5,0,0,0,0,0,0,0,"C","NI",18,"3",28681.123006875,81.25,5,4.28546890194534,3.79775280898876,28.125,31.25,21.875,"C_NI"
"113",2022-05-18,"8","13","no","yes","no","yes",0,0,0,0,3.125,3.125,34.375,75,0,0,0,0,0,0,3.125,3.125,0,"C","NI",9,"2",31420.938495,121.875,5,2.55044202658561,2.06285714285714,3.125,75,40.625,"C_NI"
"114",2022-06-01,"8","10","yes","yes","yes","yes",21.875,0,0,0,0,0,6.25,34.375,0,37.5,0,0,0,0,0,0,0,"NI","NI",23,"4",30388.537994375,100,4,3.45779072109398,3.22012578616352,59.375,34.375,6.25,"NI_NI"
"114",2022-05-27,"8","10","yes","yes","yes","yes",15.625,0,18.75,0,0,0,6.25,40.625,0,21.875,0,3.125,3.125,0,0,0,0,"NI","NI",18,"3",28681.123006875,109.375,7,5.13861546195032,4.29824561403509,59.375,40.625,9.375,"NI_NI"
"114",2022-05-13,"8","10","yes","yes","yes","yes",0,0,0,0,0,0,3.125,6.25,0,0,0,0,0,0,0,0,0,"NI","NI",4,"1",26846.747724,9.375,2,1.88988157484231,1.8,0,6.25,3.125,"NI_NI"
"114",2022-05-18,"8","10","yes","yes","yes","yes",0,0,0,0,0,0,12.5,46.875,0,6.25,0,0,0,0,0,0,0,"NI","NI",9,"2",31420.938495,65.625,3,2.18175757606443,1.8,6.25,46.875,12.5,"NI_NI"
"115",2022-06-01,"8","5","no","no","yes","no",25,0,3.125,3.125,0,0,25,118.75,0,34.375,0,0,3.125,0,12.5,0,0,"N","C",23,"4",30388.537994375,225,8,4.26895639876477,3.02803738317757,65.625,121.875,37.5,"N_C"
"115",2022-05-27,"8","5","no","no","yes","no",3.125,0,3.125,0,0,0,65.625,246.875,0,43.75,0,0,0,0,0,0,0,"N","C",18,"3",28681.123006875,362.5,5,2.479792950795,1.95581395348837,50,246.875,65.625,"N_C"
"115",2022-05-18,"8","5","no","no","yes","no",0,0,3.125,0,0,0,15.625,87.5,0,18.75,0,0,0,0,0,0,0,"N","C",9,"2",31420.938495,125,4,2.42636108124578,1.89125295508274,21.875,87.5,15.625,"N_C"
"115",2022-05-13,"8","5","no","no","yes","no",0,0,0,0,9.375,0,6.25,50,0,28.125,0,0,0,0,0,0,0,"N","C",4,"1",26846.747724,93.75,4,3.02601018854836,2.57142857142857,37.5,50,6.25,"N_C"
"116",2022-06-01,"8","16","yes","no","yes","no",15.625,0,6.25,9.375,0,6.25,15.625,821.875,0,56.25,0,15.625,0,0,0,0,0,"NI","C",23,"4",30388.537994375,946.875,7,1.76793391822346,1.30209396243227,78.125,831.25,31.25,"NI_C"
"116",2022-05-18,"8","16","yes","no","yes","no",3.125,0,6.25,0,0,0,62.5,156.25,0,21.875,0,3.125,0,3.125,0,0,0,"NI","C",9,"2",31420.938495,256.25,7,3.02724404013264,2.27469553450609,34.375,156.25,65.625,"NI_C"
"116",2022-05-27,"8","16","yes","no","yes","no",3.125,0,3.125,0,0,0,21.875,137.5,0,28.125,0,3.125,0,0,3.125,3.125,0,"NI","C",18,"3",28681.123006875,203.125,8,3.00113733774917,2.04007725736359,34.375,137.5,31.25,"NI_C"
"116",2022-05-13,"8","16","yes","no","yes","no",0,0,0,0,0,0,37.5,15.625,0,0,0,0,0,0,0,3.125,0,"NI","C",4,"1",26846.747724,56.25,3,2.19613992099354,1.90588235294118,0,15.625,40.625,"NI_C"
"117",2022-06-01,"8","15","yes","yes","yes","no",9.375,0,9.375,3.125,0,0,12.5,146.875,0,59.375,0,0,0,0,0,0,0,"NI","I",23,"4",30388.537994375,240.625,6,3.03297505904691,2.27600767754319,78.125,150,12.5,"NI_I"
"117",2022-05-18,"8","15","yes","yes","yes","no",3.125,0,0,0,0,0,0,87.5,0,0,0,0,0,0,0,0,0,"NI","I",9,"2",31420.938495,90.625,2,1.16182834482,1.07133757961783,3.125,87.5,0,"NI_I"
"117",2022-05-27,"8","15","yes","yes","yes","no",0,0,3.125,0,3.125,0,6.25,53.125,0,15.625,0,0,0,0,0,0,0,"NI","I",18,"3",28681.123006875,81.25,5,2.83710618924069,2.1125,21.875,53.125,6.25,"NI_I"
"117",2022-05-13,"8","15","yes","yes","yes","no",0,0,0,0,0,0,0,15.625,0,0,0,0,0,0,0,0,0,"NI","I",4,"1",26846.747724,15.625,1,1,1,0,15.625,0,"NI_I"
"118",2022-06-01,"8","6","no","yes","no","no",25,0,0,0,0,3.125,68.75,81.25,0,25,0,0,0,0,0,0,0,"C","I",23,"4",30388.537994375,203.125,4,3.50039260837773,3.18012422360248,50,81.25,68.75,"C_I"
"118",2022-05-18,"8","6","no","yes","no","no",3.125,0,0,0,3.125,0,15.625,34.375,0,0,0,0,0,0,0,0,0,"C","I",9,"2",31420.938495,56.25,4,2.65893382990695,2.18918918918919,6.25,34.375,15.625,"C_I"
"118",2022-05-27,"8","6","no","yes","no","no",3.125,0,6.25,0,0,0,18.75,37.5,0,15.625,0,0,0,0,0,0,0,"C","I",18,"3",28681.123006875,81.25,5,3.79964365232985,3.21904761904762,25,37.5,18.75,"C_I"
"118",2022-05-13,"8","6","no","yes","no","no",0,0,0,0,0,3.125,0,34.375,0,0,0,0,0,3.125,0,0,0,"C","I",4,"1",26846.747724,40.625,2,1.33220569124945,1.18032786885246,3.125,34.375,0,"C_I"
"119",2022-06-01,"8","3","no","no","yes","yes",18.75,0,6.25,0,0,0,12.5,331.25,0,34.375,0,9.375,0,0,0,0,0,"N","N",23,"4",30388.537994375,412.5,6,2.17966497593146,1.52547714936088,59.375,331.25,21.875,"N_N"
"119",2022-05-18,"8","3","no","no","yes","yes",3.125,0,0,0,0,3.125,28.125,393.75,0,96.875,0,0,0,0,0,0,0,"N","N",9,"2",31420.938495,525,4,2.04051561041505,1.6483834742006,100,393.75,28.125,"N_N"
"119",2022-05-27,"8","3","no","no","yes","yes",3.125,0,12.5,0,0,3.125,12.5,428.125,0,9.375,0,3.125,0,0,0,0,0,"N","N",18,"3",28681.123006875,471.875,6,1.52370484940691,1.19604507761004,25,428.125,15.625,"N_N"
"119",2022-05-13,"8","3","no","no","yes","yes",0,0,0,0,0,0,31.25,162.5,0,50,0,0,3.125,3.125,0,0,0,"N","N",4,"1",26846.747724,250,5,2.64158029991884,2.09013716525147,56.25,162.5,31.25,"N_N"
"120",2022-06-01,"8","4","yes","no","no","no",25,0,6.25,0,0,0,9.375,121.875,0,34.375,0,0,0,0,0,0,0,"I","C",23,"4",30388.537994375,196.875,5,3.05921966820115,2.30890052356021,65.625,121.875,9.375,"I_C"
"120",2022-05-27,"8","4","yes","no","no","no",6.25,0,12.5,0,0,0,9.375,240.625,0,53.125,0,0,0,0,0,0,0,"I","C",18,"3",28681.123006875,321.875,5,2.27164932723085,1.69825516247799,71.875,240.625,9.375,"I_C"
"120",2022-05-13,"8","4","yes","no","no","no",0,0,3.125,0,0,0,12.5,12.5,0,46.875,0,0,0,3.125,0,0,0,"I","C",4,"1",26846.747724,78.125,5,3.15955599131357,2.41312741312741,53.125,12.5,12.5,"I_C"
"120",2022-05-18,"8","4","yes","no","no","no",0,0,0,0,0,0,15.625,187.5,0,46.875,0,0,0,0,0,0,0,"I","C",9,"2",31420.938495,250,3,2.01963929931604,1.66233766233766,46.875,187.5,15.625,"I_C"
"121",2022-06-01,"8","12","yes","yes","no","yes",9.375,0,0,0,0,0,37.5,0,0,62.5,0,0,0,0,0,0,0,"I","NI",23,"4",30388.537994375,109.375,3,2.45313374351289,2.21518987341772,71.875,0,37.5,"I_NI"
"121",2022-05-13,"8","12","yes","yes","no","yes",6.25,0,0,0,0,0,0,12.5,0,12.5,3.125,0,0,0,0,0,0,"I","NI",4,"1",26846.747724,34.375,4,3.53832846952594,3.27027027027027,18.75,12.5,0,"I_NI"
"121",2022-05-27,"8","12","yes","yes","no","yes",0,0,3.125,0,0,0,12.5,21.875,0,34.375,0,0,0,0,0,0,0,"I","NI",18,"3",28681.123006875,71.875,4,3.17512354217732,2.82887700534759,37.5,21.875,12.5,"I_NI"
"121",2022-05-18,"8","12","yes","yes","no","yes",0,0,0,0,0,0,9.375,18.75,0,84.375,0,0,0,0,0,0,0,"I","NI",9,"2",31420.938495,112.5,3,2.05744245895607,1.67441860465116,84.375,18.75,9.375,"I_NI"
"122",2022-06-01,"8","11","no","yes","yes","yes",9.375,0,0,0,0,3.125,196.875,18.75,0,53.125,0,3.125,0,6.25,0,0,0,"N","NI",23,"4",30388.537994375,290.625,6,2.7003106152256,1.96471680594243,68.75,18.75,200,"N_NI"
"122",2022-05-13,"8","11","no","yes","yes","yes",0,3.125,0,0,0,0,31.25,18.75,0,0,0,0,0,0,0,0,3.125,"N","NI",4,"1",26846.747724,56.25,4,2.75634261354469,2.34782608695652,0,21.875,34.375,"N_NI"
"122",2022-05-27,"8","11","no","yes","yes","yes",0,0,9.375,0,0,0,90.625,50,0,37.5,0,15.625,0,0,0,3.125,0,"N","NI",18,"3",28681.123006875,206.25,6,4.11351295002248,3.41379310344828,46.875,50,109.375,"N_NI"
"122",2022-05-18,"8","11","no","yes","yes","yes",0,0,0,6.25,0,0,90.625,134.375,0,0,0,0,0,3.125,0,0,0,"N","NI",9,"2",31420.938495,234.375,4,2.31766852623999,2.08719851576994,3.125,140.625,90.625,"N_NI"
"123",2022-06-01,"8","1","no","no","no","no",3.125,0,3.125,0,0,0,18.75,178.125,0,37.5,0,0,0,0,0,0,0,"C","C",23,"4",30388.537994375,240.625,5,2.27964912892852,1.72806761877004,43.75,178.125,18.75,"C_C"
"123",2022-05-18,"8","1","no","no","no","no",3.125,0,0,0,0,3.125,3.125,131.25,0,3.125,0,0,0,0,0,0,0,"C","C",9,"2",31420.938495,143.75,4,1.37461108802717,1.14601018675722,6.25,131.25,3.125,"C_C"
"123",2022-05-27,"8","1","no","no","no","no",12.5,0,0,0,0,0,25,140.625,0,37.5,0,3.125,0,0,0,0,0,"C","C",18,"3",28681.123006875,218.75,5,2.88205560246844,2.17777777777778,50,140.625,28.125,"C_C"
"123",2022-05-13,"8","1","no","no","no","no",0,0,0,0,0,0,3.125,40.625,3.125,3.125,0,0,0,0,0,0,0,"C","C",4,"1",26846.747724,50,4,1.99086132017245,1.48837209302326,3.125,40.625,3.125,"C_C"
"124",2022-06-01,"8","9","no","yes","yes","no",9.375,0,0,0,0,0,3.125,25,0,37.5,0,0,0,0,0,0,0,"N","I",23,"4",30388.537994375,75,4,3.01960729695421,2.64220183486239,46.875,25,3.125,"N_I"
"124",2022-05-27,"8","9","no","yes","yes","no",9.375,0,0,0,0,0,9.375,28.125,0,37.5,0,0,0,0,3.125,0,0,"N","I",18,"3",28681.123006875,87.5,5,3.7643561653425,3.21311475409836,46.875,28.125,12.5,"N_I"
"124",2022-05-13,"8","9","no","yes","yes","no",0,0,0,0,0,0,3.125,6.25,0,78.125,0,0,0,0,0,0,0,"N","I",4,"1",26846.747724,87.5,3,1.50485677126045,1.24444444444444,78.125,6.25,3.125,"N_I"
"124",2022-05-18,"8","9","no","yes","yes","no",0,0,0,0,0,0,0,56.25,0,25,0,0,0,0,0,0,0,"N","I",9,"2",31420.938495,81.25,2,1.85380775496353,1.74226804123711,25,56.25,0,"N_I"
"125",2022-06-01,"8","8","yes","no","no","yes",12.5,0,3.125,0,0,0,28.125,300,0,75,0,0,0,0,0,0,0,"I","N",23,"4",30388.537994375,418.75,5,2.38619161544344,1.81557128412538,90.625,300,28.125,"I_N"
"125",2022-05-27,"8","8","yes","no","no","yes",6.25,0,3.125,0,0,0,59.375,125,0,81.25,0,0,0,0,0,0,0,"I","N",18,"3",28681.123006875,275,5,3.27549664957398,2.93111279333838,90.625,125,59.375,"I_N"
"125",2022-05-13,"8","8","yes","no","no","yes",0,0,6.25,6.25,0,0,43.75,0,0,87.5,0,0,0,0,0,18.75,0,"I","N",4,"1",26846.747724,162.5,5,3.27528151954658,2.640625,93.75,6.25,62.5,"I_N"
"125",2022-05-18,"8","8","yes","no","no","yes",0,0,0,3.125,0,0,143.75,21.875,0,121.875,0,3.125,0,0,0,25,0,"I","N",9,"2",31420.938495,318.75,6,3.32317528390154,2.772921108742,121.875,25,171.875,"I_N"
"126",2022-06-01,"8","14","yes","no","yes","yes",6.25,0,3.125,0,0,0,34.375,43.75,0,43.75,0,0,0,0,0,0,0,"NI","N",23,"4",30388.537994375,131.25,5,3.73321900727844,3.40540540540541,53.125,43.75,34.375,"NI_N"
"126",2022-05-18,"8","14","yes","no","yes","yes",9.375,0,3.125,0,0,3.125,12.5,78.125,0,50,0,0,0,0,0,0,0,"NI","N",9,"2",31420.938495,156.25,5,3.2019908517843,2.64718853362734,62.5,78.125,12.5,"NI_N"
"126",2022-05-27,"8","14","yes","no","yes","yes",0,0,0,0,0,0,43.75,187.5,0,34.375,0,0,0,0,0,0,0,"NI","N",18,"3",28681.123006875,265.625,3,2.24238842341927,1.84452387030891,34.375,187.5,43.75,"NI_N"
"126",2022-05-13,"8","14","yes","no","yes","yes",0,0,0,0,0,0,0,6.25,0,12.5,0,0,0,0,0,0,0,"NI","N",4,"1",26846.747724,18.75,2,1.88988157484231,1.8,12.5,6.25,0,"NI_N"
"127",2022-06-01,"8","7","no","no","no","yes",12.5,0,3.125,0,0,0,9.375,34.375,0,21.875,0,0,0,0,0,0,0,"C","N",23,"4",30388.537994375,81.25,5,3.97356821573159,3.44897959183673,37.5,34.375,9.375,"C_N"
"127",2022-05-18,"8","7","no","no","no","yes",115.625,0,40.625,21.875,0,0,56.25,156.25,0,0,0,0,0,0,3.125,3.125,0,"C","N",9,"2",31420.938495,396.875,7,4.360353322749,3.65488329934285,156.25,178.125,62.5,"C_N"
"127",2022-05-27,"8","7","no","no","no","yes",3.125,0,0,0,0,0,6.25,15.625,0,40.625,0,0,0,3.125,0,0,0,"C","N",18,"3",28681.123006875,68.75,5,3.14746018308817,2.42,46.875,15.625,6.25,"C_N"
"127",2022-05-13,"8","7","no","no","no","yes",0,6.25,0,0,3.125,0,6.25,43.75,0,0,0,0,0,0,0,0,0,"C","N",4,"1",26846.747724,59.375,4,2.34889428000272,1.7609756097561,3.125,50,6.25,"C_N"
"128",2022-05-18,"8","2","yes","yes","no","no",3.125,0,3.125,0,0,3.125,0,6.25,0,75,0,0,0,0,0,0,0,"I","I",9,"2",31420.938495,90.625,4,1.74830694034232,1.34707903780069,81.25,6.25,0,"I_I"
"128",2022-05-27,"8","2","yes","yes","no","no",6.25,0,0,3.125,3.125,0,21.875,21.875,0,28.125,0,0,0,0,0,0,0,"I","I",18,"3",28681.123006875,84.375,6,4.49557684610842,3.94054054054054,37.5,25,21.875,"I_I"
"128",2022-05-13,"8","2","yes","yes","no","no",0,0,0,0,3.125,0,9.375,0,0,40.625,0,0,0,0,0,0,0,"I","I",4,"1",26846.747724,53.125,3,1.96975412564675,1.6145251396648,43.75,0,9.375,"I_I"
"128",2022-06-01,"8","2","yes","yes","no","no",0,0,0,0,0,0,15.625,12.5,0,40.625,0,0,0,0,0,0,0,"I","I",23,"4",30388.537994375,68.75,3,2.60532048985808,2.3047619047619,40.625,12.5,15.625,"I_I"
"53",2022-05-13,"4","10","yes","yes","yes","yes",0,0,0,0,0,0,0,0,0,0,0,0,0,0,0,0,0,"NI","NI",4,"1",26846.747724,0,0,0,0,0,0,0,"NI_NI"
